"DIRECTORIO","SECUENCIA_ENCUESTA","SECUENCIA_P","ORDEN","P8692S3A1","LLAVEHOG","FEX_C"
6000035,1,1,1,1,"60000351",1041.98126324301
6000035,2,1,2,2,"60000351",1041.98126324301
6000047,1,1,1,1,"60000471",2814.52958604635
6000047,2,1,2,2,"60000471",2814.52958604635
6000055,1,1,1,1,"60000551",1844.38940895651
6000055,2,1,2,2,"60000551",1844.38940895651
6000063,1,1,1,1,"60000631",2782.64520154823
6000063,2,1,2,2,"60000631",2782.64520154823
6000073,1,1,1,1,"60000731",246.492172233645
6000073,2,1,2,2,"60000731",246.492172233645
6000075,1,1,1,1,"60000751",445.602682790059
6000075,2,1,2,2,"60000751",445.602682790059
6000075,3,1,3,3,"60000751",445.602682790059
6000075,4,1,4,4,"60000751",445.602682790059
6000087,1,1,1,1,"60000871",304.57616603319
6000087,2,1,2,2,"60000871",304.57616603319
6000087,3,1,3,3,"60000871",304.57616603319
6000089,1,1,1,1,"60000891",475.898369796805
6000089,2,1,2,2,"60000891",475.898369796805
6000174,1,1,1,1,"60001741",250.279224075838
6000174,2,1,2,2,"60001741",250.279224075838
6000175,1,1,1,1,"60001751",279.572285027584
6000175,2,1,2,2,"60001751",279.572285027584
6000175,3,1,3,3,"60001751",279.572285027584
6000213,1,1,1,1,"60002131",605.775653660833
6000213,2,1,2,2,"60002131",605.775653660833
6000215,1,1,1,1,"60002151",363.580700960471
6000215,2,1,2,2,"60002151",363.580700960471
6000258,1,1,1,1,"60002581",256.267569161402
6000258,2,1,2,2,"60002581",256.267569161402
6000280,1,1,1,1,"60002801",168.478040825448
6000280,2,1,2,4,"60002801",168.478040825448
6000280,3,1,3,6,"60002801",168.478040825448
6000307,1,1,1,1,"60003071",492.912269257425
6000307,2,1,2,2,"60003071",492.912269257425
6000311,1,1,1,2,"60003111",810.751598230217
6000311,2,1,2,3,"60003111",810.751598230217
6000311,1,2,1,2,"60003112",810.751598230217
6000311,2,2,2,3,"60003112",810.751598230217
6000317,1,1,1,1,"60003171",313.701625358948
6000317,2,1,2,2,"60003171",313.701625358948
6000322,1,1,1,1,"60003221",596.926258223017
6000322,2,1,2,2,"60003221",596.926258223017
6000323,1,1,1,1,"60003231",634.94351460728
6000323,2,1,2,2,"60003231",634.94351460728
6000328,1,1,1,1,"60003281",657.182967148796
6000328,2,1,2,3,"60003281",657.182967148796
6000331,1,1,1,1,"60003311",646.383597582769
6000331,2,1,2,2,"60003311",646.383597582769
6000374,1,1,1,1,"60003741",627.514600891126
6000374,2,1,2,2,"60003741",627.514600891126
6000374,3,1,3,3,"60003741",627.514600891126
6000374,4,1,4,4,"60003741",627.514600891126
6000374,5,1,5,5,"60003741",627.514600891126
6000385,1,1,1,1,"60003851",548.585486787888
6000385,2,1,2,2,"60003851",548.585486787888
6000403,1,1,1,1,"60004031",359.474216213966
6000403,2,1,2,2,"60004031",359.474216213966
6000443,1,1,1,1,"60004431",1073.55785113209
6000443,2,1,2,4,"60004431",1073.55785113209
6000451,1,1,1,1,"60004511",1114.48216079821
6000451,2,1,2,2,"60004511",1114.48216079821
6000452,1,1,1,1,"60004521",880.183353659656
6000452,2,1,2,2,"60004521",880.183353659656
6000452,3,1,3,3,"60004521",880.183353659656
6000457,1,1,1,1,"60004571",921.686968291362
6000457,2,1,2,2,"60004571",921.686968291362
6000457,3,1,3,3,"60004571",921.686968291362
6000457,4,1,4,4,"60004571",921.686968291362
6000459,1,1,1,1,"60004591",1278.82533787573
6000459,2,1,2,2,"60004591",1278.82533787573
6000459,3,1,3,3,"60004591",1278.82533787573
6000459,4,1,4,4,"60004591",1278.82533787573
6000459,5,1,5,5,"60004591",1278.82533787573
6000460,1,1,1,1,"60004601",670.043149651708
6000460,2,1,2,2,"60004601",670.043149651708
6000461,1,1,1,1,"60004611",1162.93243382557
6000461,2,1,2,2,"60004611",1162.93243382557
6000461,3,1,3,3,"60004611",1162.93243382557
6000461,4,1,4,4,"60004611",1162.93243382557
6000464,1,1,1,1,"60004641",702.119290178132
6000464,2,1,2,2,"60004641",702.119290178132
6000464,3,1,3,3,"60004641",702.119290178132
6000464,4,1,4,4,"60004641",702.119290178132
6000464,5,1,5,5,"60004641",702.119290178132
6000466,1,1,1,2,"60004661",921.686968291362
6000466,2,1,2,3,"60004661",921.686968291362
6000469,1,1,1,1,"60004691",1150.26127093677
6000469,2,1,2,2,"60004691",1150.26127093677
6000469,3,1,3,3,"60004691",1150.26127093677
6000469,4,1,4,4,"60004691",1150.26127093677
6000471,1,1,1,1,"60004711",793.122901352404
6000471,2,1,2,2,"60004711",793.122901352404
6000471,3,1,3,3,"60004711",793.122901352404
6000473,1,1,1,1,"60004731",952.02940010301
6000473,2,1,2,2,"60004731",952.02940010301
6000473,3,1,3,3,"60004731",952.02940010301
6000475,1,1,1,1,"60004751",1316.24461158251
6000475,2,1,2,2,"60004751",1316.24461158251
6000567,1,1,1,1,"60005671",271.603537998754
6000567,2,1,2,2,"60005671",271.603537998754
6000613,1,1,1,1,"60006131",826.60615517582
6000613,2,1,2,2,"60006131",826.60615517582
6000622,1,1,1,1,"60006221",978.499153082168
6000622,2,1,2,2,"60006221",978.499153082168
6000626,1,1,1,1,"60006261",761.511515614412
6000626,2,1,2,2,"60006261",761.511515614412
6000655,1,1,1,1,"60006551",875.616344513329
6000655,2,1,2,2,"60006551",875.616344513329
6000685,1,1,1,1,"60006851",565.417457289292
6000685,2,1,2,2,"60006851",565.417457289292
6000688,1,1,1,1,"60006881",563.950284120987
6000688,2,1,2,2,"60006881",563.950284120987
6000786,1,1,1,1,"60007861",1703.63025064405
6000786,2,1,2,2,"60007861",1703.63025064405
6000790,1,1,1,1,"60007901",473.230372180144
6000790,2,1,2,2,"60007901",473.230372180144
6000807,1,1,1,1,"60008071",335.999371126536
6000807,2,1,2,2,"60008071",335.999371126536
6000813,1,1,1,1,"60008131",600.067891336859
6000813,2,1,2,2,"60008131",600.067891336859
6000852,1,1,1,1,"60008521",2379.61985622806
6000852,2,1,2,2,"60008521",2379.61985622806
6000860,1,1,1,1,"60008601",2546.76085726956
6000860,2,1,2,2,"60008601",2546.76085726956
6000908,1,1,1,1,"60009081",2262.1614317284
6000908,2,1,2,2,"60009081",2262.1614317284
6000994,1,1,1,1,"60009941",1822.5053742772
6000994,2,1,2,2,"60009941",1822.5053742772
6001003,1,1,1,1,"60010031",2514.07086180209
6001003,2,1,2,2,"60010031",2514.07086180209
6001010,1,1,1,1,"60010101",3276.94048285003
6001010,2,1,2,2,"60010101",3276.94048285003
6001012,1,1,1,1,"60010121",1731.62479467458
6001012,2,1,2,2,"60010121",1731.62479467458
6001026,1,1,1,1,"60010261",5019.58970193272
6001026,2,1,2,2,"60010261",5019.58970193272
6001037,1,1,1,1,"60010371",5114.4480581648
6001037,2,1,2,2,"60010371",5114.4480581648
6001057,1,1,1,1,"60010571",1822.44093448046
6001057,2,1,2,2,"60010571",1822.44093448046
6001057,3,1,3,3,"60010571",1822.44093448046
6001062,1,1,1,1,"60010621",1531.00533823368
6001062,2,1,2,2,"60010621",1531.00533823368
6001075,1,1,1,1,"60010751",1378.79355114248
6001075,2,1,2,2,"60010751",1378.79355114248
6001075,3,1,3,3,"60010751",1378.79355114248
6001075,4,1,4,4,"60010751",1378.79355114248
6001079,1,1,1,1,"60010791",1593.64452262054
6001079,2,1,2,2,"60010791",1593.64452262054
6001141,1,1,1,1,"60011411",2026.83572724335
6001141,2,1,2,2,"60011411",2026.83572724335
6001230,1,1,1,1,"60012301",2538.22217961208
6001230,2,1,2,2,"60012301",2538.22217961208
6001269,1,1,1,1,"60012691",1576.60878865077
6001269,2,1,2,2,"60012691",1576.60878865077
6001302,1,1,1,1,"60013021",2090.14724941253
6001302,2,1,2,2,"60013021",2090.14724941253
6001302,3,1,3,3,"60013021",2090.14724941253
6001302,4,1,4,4,"60013021",2090.14724941253
6001302,5,1,5,5,"60013021",2090.14724941253
6001304,1,1,1,1,"60013041",1759.42154805262
6001304,2,1,2,2,"60013041",1759.42154805262
6001325,1,1,1,1,"60013251",105.298851337712
6001325,2,1,2,2,"60013251",105.298851337712
6001325,3,1,3,3,"60013251",105.298851337712
6001339,1,1,1,1,"60013391",2047.99297691006
6001339,2,1,2,2,"60013391",2047.99297691006
6001342,1,1,1,1,"60013421",1590.89468836637
6001342,2,1,2,2,"60013421",1590.89468836637
6001352,1,1,1,1,"60013521",1637.05252882877
6001352,2,1,2,2,"60013521",1637.05252882877
6001354,1,1,1,1,"60013541",2920.31735307817
6001354,2,1,2,2,"60013541",2920.31735307817
6001366,1,1,1,1,"60013661",3928.86097474062
6001366,2,1,2,2,"60013661",3928.86097474062
6001366,3,1,3,3,"60013661",3928.86097474062
6001393,1,1,1,1,"60013931",663.125204904541
6001393,2,1,2,2,"60013931",663.125204904541
6001416,1,1,1,1,"60014161",163.690238740179
6001416,2,1,2,2,"60014161",163.690238740179
6001422,1,1,1,1,"60014221",529.60132114191
6001422,2,1,2,2,"60014221",529.60132114191
6001461,1,1,1,2,"60014611",946.977675129387
6001461,2,1,2,1,"60014611",946.977675129387
6001483,1,1,1,1,"60014831",1194.31605497381
6001483,2,1,2,2,"60014831",1194.31605497381
6001517,1,1,1,1,"60015171",2381.49910731003
6001517,2,1,2,2,"60015171",2381.49910731003
6001527,1,1,1,1,"60015271",2044.03339497725
6001527,2,1,2,2,"60015271",2044.03339497725
6001539,1,1,1,1,"60015391",1268.1989000648
6001539,2,1,2,2,"60015391",1268.1989000648
6001539,3,1,3,3,"60015391",1268.1989000648
6001539,4,1,4,5,"60015391",1268.1989000648
6001542,1,1,1,1,"60015421",2725.36822750444
6001542,2,1,2,2,"60015421",2725.36822750444
6001543,1,1,1,1,"60015431",2319.34741576643
6001543,2,1,2,2,"60015431",2319.34741576643
6001543,3,1,3,3,"60015431",2319.34741576643
6001543,4,1,4,4,"60015431",2319.34741576643
6001552,1,1,1,1,"60015521",1790.48138396761
6001552,2,1,2,2,"60015521",1790.48138396761
6001552,3,1,3,3,"60015521",1790.48138396761
6001560,1,1,1,1,"60015601",1849.34422906535
6001560,2,1,2,2,"60015601",1849.34422906535
6001570,1,1,1,1,"60015701",1955.74313392714
6001570,2,1,2,2,"60015701",1955.74313392714
6001570,3,1,3,3,"60015701",1955.74313392714
6001577,1,1,1,1,"60015771",2534.51854904763
6001577,2,1,2,2,"60015771",2534.51854904763
6001583,1,1,1,1,"60015831",2081.87720043381
6001583,2,1,2,3,"60015831",2081.87720043381
6001724,1,1,1,1,"60017241",901.285068120898
6001724,2,1,2,2,"60017241",901.285068120898
6001822,1,1,1,1,"60018221",1826.92517882484
6001822,2,1,2,4,"60018221",1826.92517882484
6001840,1,1,1,1,"60018401",2431.36433167971
6001840,2,1,2,2,"60018401",2431.36433167971
6001845,1,1,1,1,"60018451",1827.92412418188
6001845,2,1,2,2,"60018451",1827.92412418188
6001850,1,1,1,1,"60018501",1573.05184362831
6001850,2,1,2,2,"60018501",1573.05184362831
6001855,1,1,1,1,"60018551",1669.35117313562
6001855,2,1,2,2,"60018551",1669.35117313562
6001871,1,1,1,1,"60018711",1828.92306953893
6001871,2,1,2,2,"60018711",1828.92306953893
6001899,1,1,1,1,"60018991",4816.81402392864
6001899,2,1,2,2,"60018991",4816.81402392864
6001911,1,1,1,1,"60019111",1557.0731994065
6001911,2,1,2,2,"60019111",1557.0731994065
6001912,1,1,1,1,"60019121",1881.85762440437
6001912,2,1,2,2,"60019121",1881.85762440437
6001918,1,1,1,1,"60019181",1557.0731994065
6001918,2,1,2,2,"60019181",1557.0731994065
6001932,2,1,2,2,"60019321",177.66088773595
6001932,1,1,1,1,"60019321",177.66088773595
6001940,1,1,1,1,"60019401",1984.06670402308
6001940,2,1,2,2,"60019401",1984.06670402308
6001945,1,1,1,1,"60019451",1557.0731994065
6001945,2,1,2,2,"60019451",1557.0731994065
6001965,1,1,1,1,"60019651",2238.89247626837
6001965,2,1,2,2,"60019651",2238.89247626837
6001983,1,1,1,1,"60019831",366.094039881303
6001983,2,1,2,2,"60019831",366.094039881303
6001987,2,1,2,2,"60019871",369.166675358283
6001987,1,1,1,1,"60019871",369.166675358283
6002030,1,1,1,1,"60020301",2732.11053676786
6002030,2,1,2,2,"60020301",2732.11053676786
6002035,1,1,1,1,"60020351",2062.46121685551
6002035,2,1,2,2,"60020351",2062.46121685551
6002101,1,1,1,1,"60021011",422.702163285992
6002101,2,1,2,2,"60021011",422.702163285992
6002114,1,1,1,1,"60021141",317.138347173673
6002114,2,1,2,2,"60021141",317.138347173673
6002114,3,1,3,3,"60021141",317.138347173673
6002124,1,1,1,1,"60021241",229.107798219042
6002124,2,1,2,2,"60021241",229.107798219042
6002127,1,1,1,1,"60021271",489.98679061397
6002127,2,1,2,2,"60021271",489.98679061397
6002141,1,1,1,1,"60021411",797.517145711414
6002141,2,1,2,2,"60021411",797.517145711414
6002144,1,1,1,1,"60021441",283.909184515516
6002144,2,1,2,2,"60021441",283.909184515516
6002144,3,1,3,3,"60021441",283.909184515516
6002144,4,1,4,4,"60021441",283.909184515516
6002145,1,1,1,1,"60021451",418.771514648437
6002145,2,1,2,2,"60021451",418.771514648437
6002166,1,1,1,1,"60021661",2796.70972530835
6002166,2,1,2,2,"60021661",2796.70972530835
6002176,1,1,1,1,"60021761",372.917357110004
6002176,2,1,2,2,"60021761",372.917357110004
6002181,1,1,1,1,"60021811",768.593299944781
6002181,2,1,2,2,"60021811",768.593299944781
6002187,1,1,1,1,"60021871",499.184849851468
6002187,2,1,2,2,"60021871",499.184849851468
6002189,1,1,1,1,"60021891",486.851869936419
6002189,2,1,2,2,"60021891",486.851869936419
6002194,1,1,1,1,"60021941",372.917357110004
6002194,2,1,2,2,"60021941",372.917357110004
6002207,1,1,1,1,"60022071",606.599444683798
6002207,2,1,2,2,"60022071",606.599444683798
6002210,1,1,1,1,"60022101",372.917357110004
6002210,2,1,2,2,"60022101",372.917357110004
6002214,1,1,1,1,"60022141",450.6550107503
6002214,2,1,2,2,"60022141",450.6550107503
6002242,1,1,1,2,"60022421",571.756723100343
6002242,2,1,2,3,"60022421",571.756723100343
6002254,1,1,1,1,"60022541",397.020105153087
6002254,2,1,2,2,"60022541",397.020105153087
6002283,1,1,1,1,"60022831",313.58799905397
6002283,2,1,2,2,"60022831",313.58799905397
6002291,1,1,1,1,"60022911",434.756969927712
6002291,2,1,2,2,"60022911",434.756969927712
6002299,1,1,1,1,"60022991",547.953299166788
6002299,2,1,2,2,"60022991",547.953299166788
6002316,1,1,1,1,"60023161",345.918467209445
6002316,2,1,2,2,"60023161",345.918467209445
6002326,1,1,1,1,"60023261",220.402070958636
6002326,2,1,2,2,"60023261",220.402070958636
6002331,1,1,1,1,"60023311",204.542300820486
6002331,2,1,2,2,"60023311",204.542300820486
6002340,1,1,1,1,"60023401",316.659961798076
6002340,2,1,2,2,"60023401",316.659961798076
6002348,1,1,1,1,"60023481",530.362037327278
6002348,2,1,2,2,"60023481",530.362037327278
6002360,1,1,1,1,"60023601",741.027377277561
6002360,2,1,2,2,"60023601",741.027377277561
6002364,1,1,1,1,"60023641",422.866594175552
6002364,2,1,2,2,"60023641",422.866594175552
6002364,3,1,3,3,"60023641",422.866594175552
6002364,4,1,4,4,"60023641",422.866594175552
6002370,1,1,1,1,"60023701",174.501852283037
6002370,2,1,2,2,"60023701",174.501852283037
6002397,1,1,1,1,"60023971",195.627825811483
6002397,2,1,2,2,"60023971",195.627825811483
6002407,1,1,1,1,"60024071",566.17943508292
6002407,2,1,2,2,"60024071",566.17943508292
6002414,1,1,1,1,"60024141",331.791866222001
6002414,2,1,2,2,"60024141",331.791866222001
6002429,1,1,1,1,"60024291",106.793644693854
6002429,2,1,2,2,"60024291",106.793644693854
6002457,1,1,1,1,"60024571",684.749828100177
6002457,2,1,2,2,"60024571",684.749828100177
6002463,1,1,1,2,"60024631",343.609671871827
6002463,2,1,2,3,"60024631",343.609671871827
6002463,3,1,3,4,"60024631",343.609671871827
6002469,1,1,1,1,"60024691",775.256335178196
6002469,2,1,2,2,"60024691",775.256335178196
6002476,1,1,1,1,"60024761",359.474216213966
6002476,2,1,2,2,"60024761",359.474216213966
6002481,1,1,1,1,"60024811",283.93222083946
6002481,2,1,2,2,"60024811",283.93222083946
6002500,1,1,1,1,"60025001",563.034099075658
6002500,2,1,2,2,"60025001",563.034099075658
6002503,1,1,1,1,"60025031",330.867086587959
6002503,2,1,2,2,"60025031",330.867086587959
6002510,1,1,1,1,"60025101",654.688156863762
6002510,2,1,2,2,"60025101",654.688156863762
6002524,1,1,1,1,"60025241",566.820562911515
6002524,2,1,2,2,"60025241",566.820562911515
6002570,1,1,1,1,"60025701",690.706089086318
6002570,2,1,2,2,"60025701",690.706089086318
6002593,1,1,1,1,"60025931",356.248863840684
6002593,2,1,2,2,"60025931",356.248863840684
6002612,1,1,1,2,"60026121",650.158548650447
6002612,2,1,2,1,"60026121",650.158548650447
6002614,1,1,1,1,"60026141",1015.46503243164
6002614,2,1,2,2,"60026141",1015.46503243164
6002643,1,1,1,1,"60026431",764.290449609497
6002643,2,1,2,2,"60026431",764.290449609497
6002704,1,1,1,1,"60027041",220.206609750369
6002704,2,1,2,2,"60027041",220.206609750369
6002736,1,1,1,1,"60027361",281.63584851697
6002736,2,1,2,2,"60027361",281.63584851697
6002793,1,1,1,1,"60027931",305.122771239316
6002793,2,1,2,2,"60027931",305.122771239316
6002796,1,1,1,2,"60027961",275.332476911737
6002796,2,1,2,1,"60027961",275.332476911737
6002799,1,1,1,1,"60027991",732.021742689662
6002799,2,1,2,2,"60027991",732.021742689662
6002800,1,1,1,1,"60028001",297.543311334821
6002800,2,1,2,2,"60028001",297.543311334821
6002801,1,1,1,1,"60028011",559.775093535254
6002801,2,1,2,2,"60028011",559.775093535254
6002818,1,1,1,1,"60028181",305.122771239316
6002818,2,1,2,2,"60028181",305.122771239316
6002820,1,1,1,1,"60028201",305.122771239316
6002820,2,1,2,2,"60028201",305.122771239316
6002828,1,1,1,1,"60028281",1207.29423507724
6002828,2,1,2,2,"60028281",1207.29423507724
6002877,1,1,1,1,"60028771",283.274054057441
6002877,2,1,2,2,"60028771",283.274054057441
6002897,1,1,1,1,"60028971",815.294585454572
6002897,2,1,2,2,"60028971",815.294585454572
6002923,1,1,1,1,"60029231",4379.69589744726
6002923,2,1,2,2,"60029231",4379.69589744726
6002940,1,1,1,2,"60029401",576.074781916388
6002940,2,1,2,3,"60029401",576.074781916388
6003040,1,1,1,1,"60030401",748.012591103928
6003040,2,1,2,2,"60030401",748.012591103928
6003044,1,1,1,1,"60030441",584.994480922424
6003044,2,1,2,2,"60030441",584.994480922424
6003098,1,1,1,1,"60030981",2452.67439790063
6003098,2,1,2,2,"60030981",2452.67439790063
6003100,1,1,1,1,"60031001",2519.83277999715
6003100,2,1,2,2,"60031001",2519.83277999715
6003100,3,1,3,3,"60031001",2519.83277999715
6003100,4,1,4,4,"60031001",2519.83277999715
6003112,1,1,1,1,"60031121",2825.91436551383
6003112,2,1,2,2,"60031121",2825.91436551383
6003122,1,1,1,1,"60031221",2090.10329084383
6003122,2,1,2,2,"60031221",2090.10329084383
6003128,1,1,1,1,"60031281",2487.89801217182
6003128,2,1,2,2,"60031281",2487.89801217182
6003128,3,1,3,3,"60031281",2487.89801217182
6003170,1,1,1,1,"60031701",198.17735338081
6003170,2,1,2,2,"60031701",198.17735338081
6003256,1,1,1,1,"60032561",233.936549920896
6003256,2,1,2,2,"60032561",233.936549920896
6003260,1,1,1,1,"60032601",2026.83572724335
6003260,2,1,2,2,"60032601",2026.83572724335
6003285,1,1,1,1,"60032851",1813.57798032408
6003285,2,1,2,2,"60032851",1813.57798032408
6003353,1,1,1,1,"60033531",201.841614979769
6003353,2,1,2,2,"60033531",201.841614979769
6003376,1,1,1,1,"60033761",291.383173214096
6003376,2,1,2,2,"60033761",291.383173214096
6003384,1,1,1,1,"60033841",511.990806653266
6003384,2,1,2,2,"60033841",511.990806653266
6003386,1,1,1,1,"60033861",355.982505906805
6003386,2,1,2,2,"60033861",355.982505906805
6003403,1,1,1,1,"60034031",980.348280818021
6003403,2,1,2,2,"60034031",980.348280818021
6003411,1,1,1,1,"60034111",541.581721117071
6003411,2,1,2,2,"60034111",541.581721117071
6003412,1,1,1,1,"60034121",1107.54474198609
6003412,2,1,2,2,"60034121",1107.54474198609
6003425,1,1,1,1,"60034251",1231.10478924586
6003425,2,1,2,2,"60034251",1231.10478924586
6003506,1,1,1,1,"60035061",31.9789975459931
6003506,2,1,2,2,"60035061",31.9789975459931
6003529,1,1,1,1,"60035291",2490.32790426302
6003529,2,1,2,2,"60035291",2490.32790426302
6003539,1,1,1,1,"60035391",2402.03764321291
6003539,2,1,2,2,"60035391",2402.03764321291
6003584,1,1,1,1,"60035841",513.125449491523
6003584,2,1,2,2,"60035841",513.125449491523
6003716,1,1,1,1,"60037161",2238.42477946695
6003716,2,1,2,2,"60037161",2238.42477946695
6003726,1,1,1,1,"60037261",2701.25179471283
6003726,2,1,2,2,"60037261",2701.25179471283
6003791,5,1,5,6,"60037911",710.188713861321
6003791,1,1,1,1,"60037911",710.188713861321
6003791,2,1,2,2,"60037911",710.188713861321
6003791,3,1,3,4,"60037911",710.188713861321
6003791,4,1,4,5,"60037911",710.188713861321
6003801,1,1,1,1,"60038011",832.184622023807
6003801,2,1,2,2,"60038011",832.184622023807
6003814,1,1,1,1,"60038141",448.662931249616
6003814,2,1,2,2,"60038141",448.662931249616
6003814,3,1,3,3,"60038141",448.662931249616
6003814,4,1,4,4,"60038141",448.662931249616
6003814,5,1,5,5,"60038141",448.662931249616
6003814,6,1,6,6,"60038141",448.662931249616
6003814,7,1,7,7,"60038141",448.662931249616
6003873,1,1,1,1,"60038731",1605.25934005058
6003873,2,1,2,2,"60038731",1605.25934005058
6004031,1,1,1,1,"60040311",1827.92412418188
6004031,2,1,2,2,"60040311",1827.92412418188
6004032,1,1,1,1,"60040321",1667.35328242153
6004032,2,1,2,2,"60040321",1667.35328242153
6004040,1,1,1,1,"60040401",1493.93778710318
6004040,2,1,2,2,"60040401",1493.93778710318
6004048,1,1,1,1,"60040481",1160.95039538152
6004048,2,1,2,2,"60040481",1160.95039538152
6004063,1,1,1,1,"60040631",2372.42212713501
6004063,2,1,2,2,"60040631",2372.42212713501
6004081,1,1,1,1,"60040811",2632.13762021131
6004081,2,1,2,2,"60040811",2632.13762021131
6004086,1,1,1,1,"60040861",1828.92306953893
6004086,2,1,2,2,"60040861",1828.92306953893
6004087,1,1,1,1,"60040871",1827.92412418188
6004087,2,1,2,2,"60040871",1827.92412418188
6004100,1,1,1,1,"60041001",3293.21512920437
6004100,2,1,2,2,"60041001",3293.21512920437
6004103,1,1,1,1,"60041031",1828.92306953893
6004103,2,1,2,2,"60041031",1828.92306953893
6004104,1,1,1,1,"60041041",1962.89410698426
6004104,2,1,2,2,"60041041",1962.89410698426
6004113,1,1,1,1,"60041131",1827.92412418188
6004113,2,1,2,2,"60041131",1827.92412418188
6004122,1,1,1,1,"60041221",3101.09394009238
6004122,2,1,2,2,"60041221",3101.09394009238
6004124,1,1,1,1,"60041241",2294.88255334887
6004124,2,1,2,2,"60041241",2294.88255334887
6004124,3,1,3,3,"60041241",2294.88255334887
6004127,1,1,1,1,"60041271",2059.19343649156
6004127,2,1,2,2,"60041271",2059.19343649156
6004130,1,1,1,1,"60041301",1828.92306953893
6004130,2,1,2,2,"60041301",1828.92306953893
6004143,1,1,1,1,"60041431",1828.92306953893
6004143,2,1,2,2,"60041431",1828.92306953893
6004144,1,1,1,1,"60041441",1827.92412418188
6004144,2,1,2,2,"60041441",1827.92412418188
6004190,1,1,1,1,"60041901",1145.86586702519
6004190,2,1,2,2,"60041901",1145.86586702519
6004201,1,1,1,1,"60042011",177.66088773595
6004201,2,1,2,2,"60042011",177.66088773595
6004203,1,1,1,1,"60042031",1265.84754766145
6004203,2,1,2,2,"60042031",1265.84754766145
6004224,1,1,1,1,"60042241",2089.87375773064
6004224,2,1,2,2,"60042241",2089.87375773064
6004234,1,1,1,1,"60042341",3344.91937077597
6004234,2,1,2,2,"60042341",3344.91937077597
6004247,1,1,1,1,"60042471",1710.56781423732
6004247,2,1,2,2,"60042471",1710.56781423732
6004268,1,1,1,1,"60042681",1621.53799610202
6004268,2,1,2,2,"60042681",1621.53799610202
6004299,1,1,1,1,"60042991",1031.08802963381
6004299,2,1,2,2,"60042991",1031.08802963381
6004301,1,1,1,1,"60043011",1019.20251931173
6004301,2,1,2,2,"60043011",1019.20251931173
6004307,1,1,1,1,"60043071",872.517218205781
6004307,2,1,2,2,"60043071",872.517218205781
6004340,1,1,1,1,"60043401",1064.81563036847
6004340,2,1,2,2,"60043401",1064.81563036847
6004352,1,1,1,1,"60043521",3773.79212123603
6004352,2,1,2,2,"60043521",3773.79212123603
6004401,1,1,1,1,"60044011",391.538943764422
6004401,2,1,2,2,"60044011",391.538943764422
6004405,1,1,1,1,"60044051",279.572285027584
6004405,2,1,2,2,"60044051",279.572285027584
6004424,1,1,1,1,"60044241",2210.50414613875
6004424,2,1,2,2,"60044241",2210.50414613875
6004429,1,1,1,1,"60044291",2223.88192991665
6004429,2,1,2,2,"60044291",2223.88192991665
6004472,1,1,1,1,"60044721",1742.87089833632
6004472,2,1,2,2,"60044721",1742.87089833632
6004472,3,1,3,3,"60044721",1742.87089833632
6004472,4,1,4,4,"60044721",1742.87089833632
6004472,5,1,5,5,"60044721",1742.87089833632
6004485,1,1,1,1,"60044851",1486.51522569036
6004485,2,1,2,2,"60044851",1486.51522569036
6004489,1,1,1,1,"60044891",2982.96827273501
6004489,2,1,2,2,"60044891",2982.96827273501
6004554,1,1,1,1,"60045541",317.138347173673
6004554,2,1,2,2,"60045541",317.138347173673
6004589,1,1,1,1,"60045891",655.849252410874
6004589,2,1,2,2,"60045891",655.849252410874
6004625,1,1,1,1,"60046251",294.550342188663
6004625,2,1,2,2,"60046251",294.550342188663
6004638,1,1,1,1,"60046381",571.868082654363
6004638,2,1,2,2,"60046381",571.868082654363
6004651,1,1,1,1,"60046511",294.550342188663
6004651,2,1,2,2,"60046511",294.550342188663
6004651,3,1,3,3,"60046511",294.550342188663
6004662,1,1,1,1,"60046621",494.47248581521
6004662,2,1,2,2,"60046621",494.47248581521
6004678,1,1,1,1,"60046781",685.108626088033
6004678,2,1,2,2,"60046781",685.108626088033
6004707,1,1,1,1,"60047071",435.052384221413
6004707,2,1,2,2,"60047071",435.052384221413
6004723,1,1,1,1,"60047231",562.578879177776
6004723,2,1,2,2,"60047231",562.578879177776
6004729,1,1,1,1,"60047291",498.926453855763
6004729,2,1,2,2,"60047291",498.926453855763
6004750,1,1,1,1,"60047501",587.373325524607
6004750,2,1,2,2,"60047501",587.373325524607
6004750,3,1,3,3,"60047501",587.373325524607
6004759,1,1,1,1,"60047591",195.627825811483
6004759,2,1,2,2,"60047591",195.627825811483
6004822,1,1,1,1,"60048221",538.825233981373
6004822,2,1,2,2,"60048221",538.825233981373
6004868,1,1,1,1,"60048681",359.474216213966
6004868,2,1,2,2,"60048681",359.474216213966
6004870,1,1,1,1,"60048701",775.256335178196
6004870,2,1,2,2,"60048701",775.256335178196
6004886,1,1,1,1,"60048861",107.499432915937
6004886,2,1,2,2,"60048861",107.499432915937
6004886,3,1,3,3,"60048861",107.499432915937
6004889,1,1,1,1,"60048891",223.811833289055
6004889,2,1,2,2,"60048891",223.811833289055
6004889,3,1,3,3,"60048891",223.811833289055
6004889,4,1,4,4,"60048891",223.811833289055
6004899,1,1,1,1,"60048991",182.991501419673
6004899,2,1,2,2,"60048991",182.991501419673
6004905,2,1,2,2,"60049051",180.076188479045
6004905,1,1,1,1,"60049051",180.076188479045
6004930,1,1,1,1,"60049301",481.189945238484
6004930,2,1,2,2,"60049301",481.189945238484
6004962,1,1,1,1,"60049621",524.326148048548
6004962,2,1,2,2,"60049621",524.326148048548
6004970,1,1,1,1,"60049701",261.605159675797
6004970,2,1,2,2,"60049701",261.605159675797
6004971,1,1,1,1,"60049711",253.199014409628
6004971,2,1,2,2,"60049711",253.199014409628
6004976,1,1,1,1,"60049761",436.498500076227
6004976,2,1,2,2,"60049761",436.498500076227
6005011,1,1,1,1,"60050111",1332.51192461002
6005011,2,1,2,2,"60050111",1332.51192461002
6005017,1,1,1,1,"60050171",403.389473920679
6005017,2,1,2,2,"60050171",403.389473920679
6005033,1,1,1,1,"60050331",340.308857150179
6005033,2,1,2,2,"60050331",340.308857150179
6005035,1,1,1,1,"60050351",334.0103618189
6005035,2,1,2,2,"60050351",334.0103618189
6005035,3,1,3,3,"60050351",334.0103618189
6005050,1,1,1,1,"60050501",424.445670120831
6005050,2,1,2,2,"60050501",424.445670120831
6005053,1,1,1,1,"60050531",724.760716736156
6005053,2,1,2,3,"60050531",724.760716736156
6005075,1,1,1,1,"60050751",279.563433691179
6005075,2,1,2,2,"60050751",279.563433691179
6005103,1,1,1,3,"60051031",762.326269752604
6005103,2,1,2,4,"60051031",762.326269752604
6005112,1,1,1,1,"60051121",404.061648659255
6005112,2,1,2,2,"60051121",404.061648659255
6005119,1,1,1,1,"60051191",688.028376356958
6005119,2,1,2,2,"60051191",688.028376356958
6005140,1,1,1,1,"60051401",771.726109757589
6005140,2,1,2,2,"60051401",771.726109757589
6005140,3,1,3,3,"60051401",771.726109757589
6005140,4,1,4,4,"60051401",771.726109757589
6005151,1,1,1,1,"60051511",550.510059721162
6005151,2,1,2,2,"60051511",550.510059721162
6005241,1,1,1,1,"60052411",417.226360582805
6005241,2,1,2,2,"60052411",417.226360582805
6005246,1,1,1,1,"60052461",386.114295457051
6005246,2,1,2,2,"60052461",386.114295457051
6005262,1,1,1,1,"60052621",292.125589643808
6005262,2,1,2,2,"60052621",292.125589643808
6005270,1,1,1,1,"60052701",1293.27716096878
6005270,2,1,2,2,"60052701",1293.27716096878
6005286,1,1,1,1,"60052861",1147.66017636266
6005286,2,1,2,2,"60052861",1147.66017636266
6005302,1,1,1,1,"60053021",1828.92589800468
6005302,2,1,2,2,"60053021",1828.92589800468
6005431,1,1,1,1,"60054311",2235.14239798135
6005431,2,1,2,2,"60054311",2235.14239798135
6005432,1,1,1,1,"60054321",2039.27630590343
6005432,2,1,2,2,"60054321",2039.27630590343
6005454,1,1,1,1,"60054541",3686.87399958692
6005454,2,1,2,2,"60054541",3686.87399958692
6005459,1,1,1,1,"60054591",3566.14849726302
6005459,2,1,2,2,"60054591",3566.14849726302
6005464,1,1,1,1,"60054641",5826.75598227656
6005464,2,1,2,2,"60054641",5826.75598227656
6005488,1,1,1,1,"60054881",974.384260014615
6005488,2,1,2,2,"60054881",974.384260014615
6005527,2,1,2,2,"60055271",514.74396921111
6005527,3,1,3,3,"60055271",514.74396921111
6005527,4,1,4,4,"60055271",514.74396921111
6005527,1,1,1,1,"60055271",514.74396921111
6005547,1,1,1,1,"60055471",666.483577189219
6005547,2,1,2,2,"60055471",666.483577189219
6005547,3,1,3,3,"60055471",666.483577189219
6005551,1,1,1,1,"60055511",440.115046394114
6005551,2,1,2,2,"60055511",440.115046394114
6005551,3,1,3,3,"60055511",440.115046394114
6005563,1,1,1,1,"60055631",325.526086655411
6005563,2,1,2,2,"60055631",325.526086655411
6005609,1,1,1,1,"60056091",141.246304818311
6005609,2,1,2,2,"60056091",141.246304818311
6005614,1,1,1,1,"60056141",596.90659342331
6005614,2,1,2,2,"60056141",596.90659342331
6005631,1,1,1,1,"60056311",146.952212457351
6005631,2,1,2,3,"60056311",146.952212457351
6005631,3,1,3,4,"60056311",146.952212457351
6005654,1,1,1,1,"60056541",141.246304818311
6005654,2,1,2,2,"60056541",141.246304818311
6005665,1,1,1,1,"60056651",374.689418380491
6005665,2,1,2,2,"60056651",374.689418380491
6005681,1,1,1,1,"60056811",630.698363641589
6005681,2,1,2,2,"60056811",630.698363641589
6005686,1,1,1,1,"60056861",514.806045333796
6005686,2,1,2,2,"60056861",514.806045333796
6005687,1,1,1,1,"60056871",445.904702227651
6005687,2,1,2,2,"60056871",445.904702227651
6005767,1,1,1,1,"60057671",2062.48518118011
6005767,2,1,2,2,"60057671",2062.48518118011
6005883,1,1,1,1,"60058831",58.4045152113568
6005883,2,1,2,2,"60058831",58.4045152113568
6005901,1,1,1,2,"60059011",19.9532815811457
6005901,2,1,2,1,"60059011",19.9532815811457
6005907,1,1,1,1,"60059071",28.3982270204604
6005907,2,1,2,2,"60059071",28.3982270204604
6005917,1,1,1,1,"60059171",184.358203956844
6005917,2,1,2,2,"60059171",184.358203956844
6005931,1,1,1,1,"60059311",1041.98126324301
6005931,2,1,2,2,"60059311",1041.98126324301
6005937,1,1,1,1,"60059371",745.317100366011
6005937,2,1,2,2,"60059371",745.317100366011
6006011,1,1,1,1,"60060111",128.099320510755
6006011,2,1,2,2,"60060111",128.099320510755
6006060,1,1,1,1,"60060601",1665.43566569149
6006060,2,1,2,2,"60060601",1665.43566569149
6006119,1,1,1,1,"60061191",263.182082070696
6006119,2,1,2,2,"60061191",263.182082070696
6006131,1,1,1,1,"60061311",253.199014409628
6006131,2,1,2,2,"60061311",253.199014409628
6006140,1,1,1,1,"60061401",1224.58796603571
6006140,2,1,2,2,"60061401",1224.58796603571
6006148,1,1,1,1,"60061481",1327.42236688137
6006148,2,1,2,2,"60061481",1327.42236688137
6006165,1,1,1,1,"60061651",164.445367712513
6006165,2,1,2,2,"60061651",164.445367712513
6006207,1,1,1,1,"60062071",1523.74538065494
6006207,2,1,2,2,"60062071",1523.74538065494
6006219,1,1,1,1,"60062191",3697.64979716752
6006219,2,1,2,2,"60062191",3697.64979716752
6006313,1,1,1,1,"60063131",32.6797642530196
6006313,2,1,2,2,"60063131",32.6797642530196
6006348,1,1,1,1,"60063481",124.515027855007
6006348,2,1,2,2,"60063481",124.515027855007
6006356,1,1,1,1,"60063561",119.174965707085
6006356,2,1,2,2,"60063561",119.174965707085
6006361,1,1,1,1,"60063611",2590.87404227241
6006361,2,1,2,2,"60063611",2590.87404227241
6006369,1,1,1,1,"60063691",1819.08391262342
6006369,2,1,2,2,"60063691",1819.08391262342
6006369,3,1,3,3,"60063691",1819.08391262342
6006369,4,1,4,8,"60063691",1819.08391262342
6006389,1,1,1,3,"60063891",2802.03576455485
6006389,2,1,2,4,"60063891",2802.03576455485
6006389,3,1,3,5,"60063891",2802.03576455485
6006429,1,1,1,1,"60064291",1828.92306953893
6006429,2,1,2,2,"60064291",1828.92306953893
6006459,1,1,1,1,"60064591",2531.99402353832
6006459,2,1,2,2,"60064591",2531.99402353832
6006487,1,1,1,1,"60064871",1148.93969471
6006487,2,1,2,2,"60064871",1148.93969471
6006488,1,1,1,1,"60064881",2104.54284165134
6006488,2,1,2,2,"60064881",2104.54284165134
6006493,1,1,1,1,"60064931",2372.42212713501
6006493,2,1,2,2,"60064931",2372.42212713501
6006499,1,1,1,1,"60064991",2063.03770365724
6006499,2,1,2,2,"60064991",2063.03770365724
6006512,1,1,1,1,"60065121",1335.36483605691
6006512,2,1,2,2,"60065121",1335.36483605691
6006529,2,1,2,2,"60065291",1796.15736353062
6006529,1,1,1,1,"60065291",1796.15736353062
6006533,1,1,1,2,"60065331",2710.25273137939
6006533,2,1,2,1,"60065331",2710.25273137939
6006580,1,1,1,1,"60065801",2694.61449681601
6006580,2,1,2,2,"60065801",2694.61449681601
6006631,1,1,1,1,"60066311",399.596055604694
6006631,2,1,2,2,"60066311",399.596055604694
6006641,1,1,1,1,"60066411",1546.76170595781
6006641,2,1,2,2,"60066411",1546.76170595781
6006648,1,1,1,1,"60066481",1451.36969524132
6006648,2,1,2,2,"60066481",1451.36969524132
6006649,1,1,1,1,"60066491",1326.5952530228
6006649,2,1,2,2,"60066491",1326.5952530228
6006710,1,1,1,1,"60067101",389.505501854427
6006710,2,1,2,2,"60067101",389.505501854427
6006712,1,1,1,1,"60067121",304.57616603319
6006712,2,1,2,2,"60067121",304.57616603319
6006712,3,1,3,3,"60067121",304.57616603319
6006750,1,1,1,1,"60067501",2443.74867288797
6006750,2,1,2,2,"60067501",2443.74867288797
6006753,1,1,1,1,"60067531",4380.4057969706
6006753,2,1,2,2,"60067531",4380.4057969706
6006759,1,1,1,1,"60067591",176.425325351913
6006759,2,1,2,2,"60067591",176.425325351913
6006771,1,1,1,1,"60067711",282.959081375344
6006771,2,1,2,2,"60067711",282.959081375344
6006828,1,1,1,1,"60068281",692.06351893175
6006828,2,1,2,2,"60068281",692.06351893175
6006830,1,1,1,1,"60068301",861.605437268591
6006830,2,1,2,2,"60068301",861.605437268591
6006859,1,1,1,1,"60068591",93.5170896300903
6006859,2,1,2,2,"60068591",93.5170896300903
6006863,1,1,1,1,"60068631",93.5170896300903
6006863,2,1,2,2,"60068631",93.5170896300903
6006864,1,1,1,1,"60068641",164.445367712513
6006864,2,1,2,2,"60068641",164.445367712513
6006877,1,1,1,1,"60068771",1220.99149808932
6006877,2,1,2,2,"60068771",1220.99149808932
6006928,1,1,1,1,"60069281",88.8940731229504
6006928,2,1,2,2,"60069281",88.8940731229504
6006935,1,1,1,1,"60069351",90.5696015002276
6006935,2,1,2,2,"60069351",90.5696015002276
6006958,1,1,1,1,"60069581",570.663393046204
6006958,2,1,2,2,"60069581",570.663393046204
6006962,1,1,1,1,"60069621",379.617098173694
6006962,2,1,2,2,"60069621",379.617098173694
6006962,3,1,3,3,"60069621",379.617098173694
6006974,1,1,1,1,"60069741",545.392976714618
6006974,2,1,2,2,"60069741",545.392976714618
6006975,1,1,1,1,"60069751",313.749205097241
6006975,2,1,2,2,"60069751",313.749205097241
6006998,1,1,1,1,"60069981",348.593809753486
6006998,2,1,2,2,"60069981",348.593809753486
6007133,1,1,1,1,"60071331",394.354106777292
6007133,2,1,2,2,"60071331",394.354106777292
6007204,1,1,1,1,"60072041",515.486864111905
6007204,2,1,2,2,"60072041",515.486864111905
6007398,1,1,1,1,"60073981",38.3726505783074
6007398,2,1,2,2,"60073981",38.3726505783074
6007411,1,1,1,1,"60074111",1827.92412418188
6007411,2,1,2,2,"60074111",1827.92412418188
6007418,1,1,1,1,"60074181",1828.92306953893
6007418,2,1,2,2,"60074181",1828.92306953893
6007421,1,1,1,1,"60074211",2134.73511956361
6007421,2,1,2,2,"60074211",2134.73511956361
6007426,1,1,1,1,"60074261",1969.57285884896
6007426,2,1,2,2,"60074261",1969.57285884896
6007440,1,1,1,1,"60074401",1828.92306953893
6007440,2,1,2,2,"60074401",1828.92306953893
6007444,1,1,1,1,"60074441",1828.92306953893
6007444,2,1,2,2,"60074441",1828.92306953893
6007449,1,1,1,1,"60074491",2264.11473805465
6007449,2,1,2,2,"60074491",2264.11473805465
6007483,1,1,1,1,"60074831",1398.63740295292
6007483,2,1,2,2,"60074831",1398.63740295292
6007484,1,1,1,1,"60074841",1828.92306953893
6007484,2,1,2,2,"60074841",1828.92306953893
6007487,1,1,1,1,"60074871",1573.05184362831
6007487,2,1,2,2,"60074871",1573.05184362831
6007494,1,1,1,1,"60074941",1643.75031417763
6007494,2,1,2,2,"60074941",1643.75031417763
6007498,1,1,1,1,"60074981",1962.89410698426
6007498,2,1,2,2,"60074981",1962.89410698426
6007501,1,1,1,1,"60075011",1828.92306953893
6007501,2,1,2,2,"60075011",1828.92306953893
6007506,1,1,1,1,"60075061",1962.89410698426
6007506,2,1,2,2,"60075061",1962.89410698426
6007508,1,1,1,1,"60075081",3101.09394009238
6007508,2,1,2,2,"60075081",3101.09394009238
6007528,1,1,1,1,"60075281",1962.89410698426
6007528,2,1,2,2,"60075281",1962.89410698426
6007533,1,1,1,1,"60075331",1828.92306953893
6007533,2,1,2,2,"60075331",1828.92306953893
6007539,1,1,1,1,"60075391",1493.93778710318
6007539,2,1,2,2,"60075391",1493.93778710318
6007559,1,1,1,1,"60075591",1732.62374003162
6007559,2,1,2,2,"60075591",1732.62374003162
6007560,1,1,1,2,"60075601",1636.5854671273
6007560,2,1,2,1,"60075601",1636.5854671273
6007562,1,1,1,1,"60075621",3101.09394009238
6007562,2,1,2,2,"60075621",3101.09394009238
6007567,1,1,1,1,"60075671",1732.62374003162
6007567,2,1,2,2,"60075671",1732.62374003162
6007568,1,1,1,1,"60075681",2372.42212713501
6007568,2,1,2,2,"60075681",2372.42212713501
6007574,1,1,1,1,"60075741",3009.06119736636
6007574,2,1,2,2,"60075741",3009.06119736636
6007579,1,1,1,1,"60075791",2360.41406756195
6007579,2,1,2,2,"60075791",2360.41406756195
6007582,1,1,1,1,"60075821",2372.42212713501
6007582,2,1,2,2,"60075821",2372.42212713501
6007599,1,1,1,1,"60075991",5006.53073639279
6007599,2,1,2,2,"60075991",5006.53073639279
6007631,1,1,1,1,"60076311",3344.91937077597
6007631,2,1,2,2,"60076311",3344.91937077597
6007641,1,1,1,1,"60076411",3407.96640111834
6007641,2,1,2,2,"60076411",3407.96640111834
6007671,1,1,1,1,"60076711",1789.29764160034
6007671,2,1,2,2,"60076711",1789.29764160034
6007812,1,1,1,2,"60078121",1920.12739980358
6007812,2,1,2,3,"60078121",1920.12739980358
6007815,1,1,1,1,"60078151",517.106568748733
6007815,2,1,2,2,"60078151",517.106568748733
6007831,1,1,1,1,"60078311",1387.40399733785
6007831,2,1,2,2,"60078311",1387.40399733785
6007834,1,1,1,1,"60078341",1855.95348662863
6007834,2,1,2,2,"60078341",1855.95348662863
6007900,1,1,1,1,"60079001",3381.76920856384
6007900,2,1,2,2,"60079001",3381.76920856384
6007907,2,1,2,2,"60079071",3340.96560353261
6007907,1,1,1,1,"60079071",3340.96560353261
6007913,1,1,1,1,"60079131",5225.93462044044
6007913,2,1,2,2,"60079131",5225.93462044044
6007959,1,1,1,1,"60079591",1119.61008391479
6007959,2,1,2,2,"60079591",1119.61008391479
6007964,1,1,1,1,"60079641",223.02243625185
6007964,2,1,2,2,"60079641",223.02243625185
6007968,1,1,1,1,"60079681",155.65164788248
6007968,2,1,2,2,"60079681",155.65164788248
6007969,1,1,1,1,"60079691",239.980704373815
6007969,2,1,2,2,"60079691",239.980704373815
6007986,1,1,1,1,"60079861",148.323792348629
6007986,2,1,2,2,"60079861",148.323792348629
6007992,1,1,1,1,"60079921",519.053905729242
6007992,2,1,2,2,"60079921",519.053905729242
6008004,1,1,1,1,"60080041",621.841142249653
6008004,2,1,2,2,"60080041",621.841142249653
6008031,1,1,1,1,"60080311",600.043160672412
6008031,2,1,2,2,"60080311",600.043160672412
6008033,1,1,1,1,"60080331",333.247634025781
6008033,2,1,2,2,"60080331",333.247634025781
6008040,1,1,1,1,"60080401",162.600182094914
6008040,2,1,2,2,"60080401",162.600182094914
6008053,1,1,1,1,"60080531",826.215077302318
6008053,2,1,2,2,"60080531",826.215077302318
6008053,3,1,3,3,"60080531",826.215077302318
6008053,4,1,4,4,"60080531",826.215077302318
6008054,1,1,1,1,"60080541",498.926453855763
6008054,2,1,2,2,"60080541",498.926453855763
6008057,1,1,1,1,"60080571",673.76270512834
6008057,2,1,2,2,"60080571",673.76270512834
6008062,1,1,1,2,"60080621",703.196792844769
6008062,2,1,2,3,"60080621",703.196792844769
6008062,3,1,3,4,"60080621",703.196792844769
6008062,4,1,4,1,"60080621",703.196792844769
6008073,1,1,1,1,"60080731",201.736794272465
6008073,2,1,2,2,"60080731",201.736794272465
6008079,1,1,1,1,"60080791",535.611244705505
6008079,2,1,2,2,"60080791",535.611244705505
6008083,1,1,1,1,"60080831",450.125802050345
6008083,2,1,2,2,"60080831",450.125802050345
6008083,3,1,3,3,"60080831",450.125802050345
6008091,1,1,1,1,"60080911",906.551713217211
6008091,2,1,2,2,"60080911",906.551713217211
6008210,1,1,1,1,"60082101",262.827982523836
6008210,2,1,2,2,"60082101",262.827982523836
6008213,1,1,1,1,"60082131",197.18983810484
6008213,2,1,2,2,"60082131",197.18983810484
6008218,1,1,1,1,"60082181",197.18983810484
6008218,2,1,2,2,"60082181",197.18983810484
6008228,1,1,1,1,"60082281",299.175335427934
6008228,2,1,2,2,"60082281",299.175335427934
6008229,1,1,1,1,"60082291",217.555161529648
6008229,2,1,2,2,"60082291",217.555161529648
6008234,1,1,1,1,"60082341",359.474216213966
6008234,2,1,2,2,"60082341",359.474216213966
6008295,1,1,1,1,"60082951",373.473422329584
6008295,2,1,2,2,"60082951",373.473422329584
6008301,1,1,1,1,"60083011",894.423727670895
6008301,2,1,2,2,"60083011",894.423727670895
6008325,1,1,1,1,"60083251",309.634994122622
6008325,2,1,2,2,"60083251",309.634994122622
6008358,1,1,1,1,"60083581",483.660969090194
6008358,2,1,2,2,"60083581",483.660969090194
6008419,1,1,1,1,"60084191",876.318017219432
6008419,2,1,2,2,"60084191",876.318017219432
6008441,1,1,1,1,"60084411",263.783879948264
6008441,2,1,2,3,"60084411",263.783879948264
6008441,3,1,3,4,"60084411",263.783879948264
6008494,1,1,1,1,"60084941",420.533035898625
6008494,2,1,2,2,"60084941",420.533035898625
6008643,1,1,1,1,"60086431",2188.75348656294
6008643,2,1,2,3,"60086431",2188.75348656294
6008643,3,1,3,2,"60086431",2188.75348656294
6008643,4,1,4,4,"60086431",2188.75348656294
6008666,1,1,1,1,"60086661",535.333553910941
6008666,2,1,2,2,"60086661",535.333553910941
6008669,1,1,1,1,"60086691",551.203956557826
6008669,2,1,2,2,"60086691",551.203956557826
6008699,1,1,1,1,"60086991",59.4522215482475
6008699,2,1,2,2,"60086991",59.4522215482475
6008711,1,1,1,1,"60087111",439.782565433943
6008711,2,1,2,2,"60087111",439.782565433943
6008722,1,1,1,1,"60087221",1029.31486983933
6008722,2,1,2,2,"60087221",1029.31486983933
6008850,1,1,1,1,"60088501",858.439888659251
6008850,2,1,2,2,"60088501",858.439888659251
6008869,1,1,1,1,"60088691",584.994480922424
6008869,2,1,2,2,"60088691",584.994480922424
6008887,1,1,1,1,"60088871",1311.84459230053
6008887,2,1,2,2,"60088871",1311.84459230053
6008982,1,1,1,1,"60089821",2171.86257316526
6008982,2,1,2,2,"60089821",2171.86257316526
6008989,1,1,1,1,"60089891",2714.37739419872
6008989,2,1,2,3,"60089891",2714.37739419872
6009077,1,1,1,1,"60090771",23.6451992616297
6009077,2,1,2,2,"60090771",23.6451992616297
6009146,1,1,1,1,"60091461",337.203784236369
6009146,2,1,2,2,"60091461",337.203784236369
6009173,1,1,1,1,"60091731",1813.98019035014
6009173,2,1,2,2,"60091731",1813.98019035014
6009174,1,1,1,1,"60091741",1842.50595014087
6009174,2,1,2,2,"60091741",1842.50595014087
6009176,1,1,1,1,"60091761",2207.74737330284
6009176,2,1,2,2,"60091761",2207.74737330284
6009176,3,1,3,3,"60091761",2207.74737330284
6009176,4,1,4,4,"60091761",2207.74737330284
6009196,1,1,1,1,"60091961",2013.71220094149
6009196,2,1,2,2,"60091961",2013.71220094149
6009205,1,1,1,1,"60092051",207.499890454032
6009205,2,1,2,2,"60092051",207.499890454032
6009207,1,1,1,1,"60092071",203.578633997707
6009207,2,1,2,2,"60092071",203.578633997707
6009211,1,1,1,1,"60092111",207.499890454032
6009211,2,1,2,2,"60092111",207.499890454032
6009213,1,1,1,1,"60092131",208.039722209192
6009213,2,1,2,2,"60092131",208.039722209192
6009220,1,1,1,1,"60092201",199.117545786222
6009220,2,1,2,2,"60092201",199.117545786222
6009220,3,1,3,3,"60092201",199.117545786222
6009220,4,1,4,4,"60092201",199.117545786222
6009229,1,1,1,1,"60092291",194.656457574737
6009229,2,1,2,2,"60092291",194.656457574737
6009235,1,1,1,1,"60092351",194.656457574737
6009235,2,1,2,2,"60092351",194.656457574737
6009314,1,1,1,1,"60093141",220.07790309999
6009314,2,1,2,2,"60093141",220.07790309999
6009316,1,1,1,1,"60093161",372.917357110004
6009316,2,1,2,2,"60093161",372.917357110004
6009317,1,1,1,1,"60093171",582.735565412727
6009317,2,1,2,2,"60093171",582.735565412727
6009322,1,1,1,1,"60093221",273.225155502387
6009322,2,1,2,2,"60093221",273.225155502387
6009322,3,1,3,3,"60093221",273.225155502387
6009322,4,1,4,4,"60093221",273.225155502387
6009322,5,1,5,5,"60093221",273.225155502387
6009354,1,1,1,1,"60093541",481.189945238484
6009354,2,1,2,2,"60093541",481.189945238484
6009358,1,1,1,1,"60093581",560.637829618672
6009358,2,1,2,2,"60093581",560.637829618672
6009381,2,1,2,2,"60093811",953.829755719647
6009381,1,1,1,1,"60093811",953.829755719647
6009436,1,1,1,1,"60094361",492.832554503028
6009436,2,1,2,2,"60094361",492.832554503028
6009454,1,1,1,1,"60094541",1404.59304155935
6009454,2,1,2,2,"60094541",1404.59304155935
6009457,1,1,1,1,"60094571",2796.89938037307
6009457,2,1,2,2,"60094571",2796.89938037307
6009498,1,1,1,1,"60094981",1323.65229044254
6009498,2,1,2,2,"60094981",1323.65229044254
6009576,1,1,1,1,"60095761",3566.14849726302
6009576,2,1,2,2,"60095761",3566.14849726302
6009581,1,1,1,1,"60095811",3162.98959863841
6009581,2,1,2,2,"60095811",3162.98959863841
6009588,1,1,1,1,"60095881",5815.98018469596
6009588,2,1,2,2,"60095881",5815.98018469596
6009590,1,1,1,1,"60095901",3919.45175924618
6009590,2,1,2,2,"60095901",3919.45175924618
6009610,1,1,1,1,"60096101",763.835490933308
6009610,2,1,2,2,"60096101",763.835490933308
6009618,1,1,1,1,"60096181",88.8940731229504
6009618,2,1,2,2,"60096181",88.8940731229504
6009621,2,1,2,2,"60096211",88.8940731229504
6009621,1,1,1,1,"60096211",88.8940731229504
6009639,1,1,1,1,"60096391",86.7572112752404
6009639,2,1,2,2,"60096391",86.7572112752404
6009645,1,1,1,1,"60096451",93.8385012510376
6009645,2,1,2,2,"60096451",93.8385012510376
6009771,1,1,1,1,"60097711",2263.1157926976
6009771,2,1,2,2,"60097711",2263.1157926976
6009786,1,1,1,1,"60097861",2595.52764703731
6009786,2,1,2,5,"60097861",2595.52764703731
6009815,1,1,1,1,"60098151",1732.62374003162
6009815,2,1,2,2,"60098151",1732.62374003162
6009816,1,1,1,1,"60098161",1494.93673246022
6009816,2,1,2,2,"60098161",1494.93673246022
6009819,1,1,1,1,"60098191",2335.06500217241
6009819,2,1,2,2,"60098191",2335.06500217241
6009830,1,1,1,1,"60098301",1902.46686189689
6009830,2,1,2,2,"60098301",1902.46686189689
6009838,1,1,1,1,"60098381",2706.84162093892
6009838,2,1,2,3,"60098381",2706.84162093892
6009851,1,1,1,1,"60098511",1944.97094524802
6009851,2,1,2,2,"60098511",1944.97094524802
6009856,1,1,1,1,"60098561",1828.92306953893
6009856,2,1,2,2,"60098561",1828.92306953893
6009871,1,1,1,1,"60098711",1962.89410698426
6009871,2,1,2,2,"60098711",1962.89410698426
6009872,1,1,1,1,"60098721",1828.92306953893
6009872,2,1,2,2,"60098721",1828.92306953893
6009881,1,1,1,1,"60098811",1962.89410698426
6009881,2,1,2,2,"60098811",1962.89410698426
6009889,1,1,1,1,"60098891",1835.34076480065
6009889,2,1,2,2,"60098891",1835.34076480065
6009920,1,1,1,1,"60099201",1793.08200371007
6009920,2,1,2,2,"60099201",1793.08200371007
6009925,1,1,1,1,"60099251",2148.52607857512
6009925,2,1,2,2,"60099251",2148.52607857512
6009956,1,1,1,1,"60099561",281.527612432272
6009956,2,1,2,2,"60099561",281.527612432272
6009960,1,1,1,1,"60099601",276.319380356566
6009960,2,1,2,2,"60099601",276.319380356566
6009970,1,1,1,1,"60099701",281.527612432272
6009970,2,1,2,2,"60099701",281.527612432272
6010061,1,1,1,1,"60100611",591.082003660067
6010061,2,1,2,3,"60100611",591.082003660067
6010061,3,1,3,5,"60100611",591.082003660067
6010061,4,1,4,4,"60100611",591.082003660067
6010138,1,1,1,1,"60101381",1861.92996374996
6010138,2,1,2,2,"60101381",1861.92996374996
6010143,1,1,1,1,"60101431",2796.89938037307
6010143,2,1,2,2,"60101431",2796.89938037307
6010152,1,1,1,1,"60101521",1755.0683926831
6010152,2,1,2,2,"60101521",1755.0683926831
6010179,1,1,1,1,"60101791",4396.14453030213
6010179,2,1,2,2,"60101791",4396.14453030213
6010179,3,1,3,3,"60101791",4396.14453030213
6010186,1,1,1,1,"60101861",1008.11173829947
6010186,2,1,2,2,"60101861",1008.11173829947
6010200,1,1,1,1,"60102001",551.710569712277
6010200,2,1,2,2,"60102001",551.710569712277
6010259,1,1,1,1,"60102591",93.2182217880357
6010259,2,1,2,2,"60102591",93.2182217880357
6010260,1,1,1,1,"60102601",91.2193020341627
6010260,2,1,2,2,"60102601",91.2193020341627
6010407,1,1,1,1,"60104071",29.3010071776693
6010407,2,1,2,2,"60104071",29.3010071776693
6010441,1,1,1,1,"60104411",1802.3232652239
6010441,2,1,2,2,"60104411",1802.3232652239
6010462,1,1,1,1,"60104621",1669.35117313562
6010462,2,1,2,2,"60104621",1669.35117313562
6010466,1,1,1,1,"60104661",1668.35222777857
6010466,2,1,2,2,"60104661",1668.35222777857
6010471,1,1,1,1,"60104711",1636.5854671273
6010471,2,1,2,2,"60104711",1636.5854671273
6010472,1,1,1,1,"60104721",2565.33536912504
6010472,2,1,2,2,"60104721",2565.33536912504
6010472,3,1,3,3,"60104721",2565.33536912504
6010519,1,1,1,1,"60105191",3407.96640111834
6010519,2,1,2,2,"60105191",3407.96640111834
6010529,1,1,1,1,"60105291",4816.81402392864
6010529,2,1,2,2,"60105291",4816.81402392864
6010553,1,1,1,1,"60105531",2126.63653059916
6010553,2,1,2,2,"60105531",2126.63653059916
6010577,1,1,1,1,"60105771",875.550447383894
6010577,2,1,2,2,"60105771",875.550447383894
6010584,1,1,1,1,"60105841",234.311618162907
6010584,2,1,2,2,"60105841",234.311618162907
6010607,1,1,1,1,"60106071",5456.73343821198
6010607,2,1,2,2,"60106071",5456.73343821198
6010610,1,1,1,1,"60106101",4380.4057969706
6010610,2,1,2,2,"60106101",4380.4057969706
6010616,1,1,1,1,"60106161",2796.70972530835
6010616,2,1,2,2,"60106161",2796.70972530835
6010620,1,1,1,1,"60106201",2208.9929333832
6010620,2,1,2,2,"60106201",2208.9929333832
6010660,1,1,1,1,"60106601",193.40653022779
6010660,2,1,2,2,"60106601",193.40653022779
6010662,1,1,1,1,"60106621",142.458770219712
6010662,2,1,2,2,"60106621",142.458770219712
6010730,1,1,1,1,"60107301",198.947311110219
6010730,2,1,2,2,"60107301",198.947311110219
6010737,1,1,1,2,"60107371",173.567363867507
6010737,2,1,2,3,"60107371",173.567363867507
6010738,1,1,1,1,"60107381",784.221967517678
6010738,2,1,2,3,"60107381",784.221967517678
6010756,1,1,1,1,"60107561",202.164814647598
6010756,2,1,2,2,"60107561",202.164814647598
6010798,1,1,1,1,"60107981",359.474216213966
6010798,2,1,2,2,"60107981",359.474216213966
6010799,1,1,1,1,"60107991",563.034099075658
6010799,2,1,2,2,"60107991",563.034099075658
6010818,1,1,1,1,"60108181",484.952828825044
6010818,2,1,2,2,"60108181",484.952828825044
6010826,1,1,1,1,"60108261",449.559412717478
6010826,2,1,2,2,"60108261",449.559412717478
6010829,1,1,1,1,"60108291",681.514130454622
6010829,2,1,2,2,"60108291",681.514130454622
6010839,1,1,1,1,"60108391",347.634712662225
6010839,2,1,2,2,"60108391",347.634712662225
6010839,3,1,3,3,"60108391",347.634712662225
6010841,1,1,1,1,"60108411",242.651714310595
6010841,2,1,2,2,"60108411",242.651714310595
6010841,3,1,3,3,"60108411",242.651714310595
6010848,1,1,1,1,"60108481",361.004153657726
6010848,2,1,2,2,"60108481",361.004153657726
6010875,1,1,1,1,"60108751",769.070063895846
6010875,2,1,2,2,"60108751",769.070063895846
6010880,1,1,1,1,"60108801",1235.50464615704
6010880,2,1,2,2,"60108801",1235.50464615704
6010891,1,1,1,1,"60108911",941.616190544504
6010891,2,1,2,2,"60108911",941.616190544504
6010898,1,1,1,1,"60108981",839.184050582962
6010898,2,1,2,2,"60108981",839.184050582962
6010902,1,1,1,1,"60109021",148.955168978476
6010902,2,1,2,2,"60109021",148.955168978476
6010919,1,1,1,1,"60109191",134.412110433682
6010919,2,1,2,2,"60109191",134.412110433682
6010939,1,1,1,1,"60109391",4072.28967239327
6010939,2,1,2,2,"60109391",4072.28967239327
6010946,1,1,1,1,"60109461",3276.01173372616
6010946,2,1,2,2,"60109461",3276.01173372616
6010948,1,1,1,1,"60109481",3697.64979716752
6010948,2,1,2,2,"60109481",3697.64979716752
6010956,1,1,1,1,"60109561",4095.23196918467
6010956,2,1,2,2,"60109561",4095.23196918467
6011013,1,1,1,1,"60110131",763.835490933308
6011013,2,1,2,2,"60110131",763.835490933308
6011014,2,1,2,2,"60110141",879.290820151935
6011014,1,1,1,1,"60110141",879.290820151935
6011049,1,1,1,1,"60110491",620.778105327319
6011049,2,1,2,2,"60110491",620.778105327319
6011050,1,1,1,1,"60110501",598.237776376785
6011050,2,1,2,2,"60110501",598.237776376785
6011052,1,1,1,1,"60110521",413.991763730753
6011052,2,1,2,2,"60110521",413.991763730753
6011057,1,1,1,1,"60110571",743.164645710237
6011057,2,1,2,2,"60110571",743.164645710237
6011065,1,1,1,1,"60110651",462.295539239986
6011065,2,1,2,2,"60110651",462.295539239986
6011147,1,1,1,1,"60111471",1334.1942864464
6011147,2,1,2,2,"60111471",1334.1942864464
6011172,1,1,1,1,"60111721",2208.60701177442
6011172,2,1,2,2,"60111721",2208.60701177442
6011204,1,1,1,1,"60112041",58.0862347777666
6011204,2,1,2,2,"60112041",58.0862347777666
6011238,1,1,1,2,"60112381",3417.1310093431
6011238,2,1,2,3,"60112381",3417.1310093431
6011251,1,1,1,2,"60112511",860.728077333334
6011251,2,1,2,3,"60112511",860.728077333334
6011305,1,1,1,1,"60113051",237.393131110266
6011305,2,1,2,2,"60113051",237.393131110266
6011310,1,1,1,1,"60113101",1055.38632493246
6011310,2,1,2,2,"60113101",1055.38632493246
6011320,1,1,1,1,"60113201",1235.50464615704
6011320,2,1,2,2,"60113201",1235.50464615704
6011346,1,1,1,1,"60113461",468.581257348858
6011346,2,1,2,2,"60113461",468.581257348858
6011472,1,1,1,1,"60114721",2049.81858253077
6011472,2,1,2,2,"60114721",2049.81858253077
6011489,1,1,1,1,"60114891",574.658190301086
6011489,2,1,2,2,"60114891",574.658190301086
6011506,1,1,1,1,"60115061",206.85698796425
6011506,2,1,2,2,"60115061",206.85698796425
6011506,3,1,3,3,"60115061",206.85698796425
6011506,4,1,4,4,"60115061",206.85698796425
6011534,1,1,1,1,"60115341",384.634973312278
6011534,2,1,2,2,"60115341",384.634973312278
6011566,1,1,1,1,"60115661",1006.88685560809
6011566,2,1,2,2,"60115661",1006.88685560809
6011580,1,1,1,1,"60115801",377.251087573377
6011580,2,1,2,2,"60115801",377.251087573377
6011618,1,1,1,1,"60116181",1353.1602661801
6011618,2,1,2,2,"60116181",1353.1602661801
6011823,1,1,1,1,"60118231",29.3010071776693
6011823,2,1,2,2,"60118231",29.3010071776693
6011839,1,1,1,1,"60118391",22.2463382426153
6011839,2,1,2,2,"60118391",22.2463382426153
6011847,1,1,1,1,"60118471",20.8531796983275
6011847,2,1,2,2,"60118471",20.8531796983275
6011867,1,1,1,1,"60118671",22.346815686053
6011867,2,1,2,2,"60118671",22.346815686053
6011868,1,1,1,1,"60118681",33.1548074755378
6011868,2,1,2,2,"60118681",33.1548074755378
6011873,1,1,1,1,"60118731",16.7688687126869
6011873,2,1,2,2,"60118731",16.7688687126869
6011875,1,1,1,1,"60118751",29.3010071776693
6011875,2,1,2,2,"60118751",29.3010071776693
6011909,1,1,1,1,"60119091",1731.62479467458
6011909,2,1,2,2,"60119091",1731.62479467458
6011911,1,1,1,1,"60119111",2833.21465460871
6011911,2,1,2,2,"60119111",2833.21465460871
6011911,3,1,3,3,"60119111",2833.21465460871
6011915,1,1,1,1,"60119151",1828.92306953893
6011915,2,1,2,2,"60119151",1828.92306953893
6011919,1,1,1,1,"60119191",1828.92306953893
6011919,2,1,2,2,"60119191",1828.92306953893
6011922,1,1,1,1,"60119221",1732.62374003162
6011922,2,1,2,2,"60119221",1732.62374003162
6011931,1,1,1,1,"60119311",2941.52204368907
6011931,2,1,2,2,"60119311",2941.52204368907
6011940,1,1,1,1,"60119401",1333.36694534282
6011940,2,1,2,2,"60119401",1333.36694534282
6011945,1,1,1,1,"60119451",2130.14370060932
6011945,2,1,2,2,"60119451",2130.14370060932
6011948,1,1,1,1,"60119481",1573.05184362831
6011948,2,1,2,2,"60119481",1573.05184362831
6011963,1,1,1,1,"60119631",3452.78702560768
6011963,2,1,2,2,"60119631",3452.78702560768
6012022,1,1,1,1,"60120221",2673.6427582054
6012022,2,1,2,2,"60120221",2673.6427582054
6012027,1,1,1,1,"60120271",2300.72471122864
6012027,2,1,2,2,"60120271",2300.72471122864
6012031,1,1,1,1,"60120311",1828.92306953893
6012031,2,1,2,2,"60120311",1828.92306953893
6012032,1,1,1,1,"60120321",3101.09394009238
6012032,2,1,2,2,"60120321",3101.09394009238
6012035,1,1,1,1,"60120351",1828.92306953893
6012035,2,1,2,2,"60120351",1828.92306953893
6012062,1,1,1,1,"60120621",1828.92306953893
6012062,2,1,2,2,"60120621",1828.92306953893
6012064,1,1,1,1,"60120641",1828.92306953893
6012064,2,1,2,2,"60120641",1828.92306953893
6012097,1,1,1,1,"60120971",1828.92306953893
6012097,2,1,2,2,"60120971",1828.92306953893
6012098,1,1,1,2,"60120981",1827.92412418188
6012098,2,1,2,3,"60120981",1827.92412418188
6012110,1,1,1,1,"60121101",1828.92306953893
6012110,2,1,2,2,"60121101",1828.92306953893
6012124,1,1,1,1,"60121241",1413.479947225
6012124,2,1,2,2,"60121241",1413.479947225
6012126,1,1,1,1,"60121261",1256.25077953178
6012126,2,1,2,2,"60121261",1256.25077953178
6012128,1,1,1,1,"60121281",1669.35117313562
6012128,2,1,2,2,"60121281",1669.35117313562
6012130,1,1,1,1,"60121301",2105.54178700838
6012130,2,1,2,2,"60121301",2105.54178700838
6012138,1,1,1,1,"60121381",2548.26866989266
6012138,2,1,2,2,"60121381",2548.26866989266
6012170,1,1,1,1,"60121701",2548.26866989266
6012170,2,1,2,2,"60121701",2548.26866989266
6012171,1,1,1,1,"60121711",2263.1157926976
6012171,2,1,2,2,"60121711",2263.1157926976
6012179,1,1,1,1,"60121791",2565.33536912504
6012179,2,1,2,2,"60121791",2565.33536912504
6012193,1,1,1,1,"60121931",1828.92306953893
6012193,2,1,2,2,"60121931",1828.92306953893
6012240,1,1,1,1,"60122401",2477.57019934334
6012240,2,1,2,2,"60122401",2477.57019934334
6012255,1,1,1,1,"60122551",3101.09394009238
6012255,2,1,2,2,"60122551",3101.09394009238
6012292,1,1,1,1,"60122921",1962.89410698426
6012292,2,1,2,2,"60122921",1962.89410698426
6012297,1,1,1,1,"60122971",1962.89410698426
6012297,2,1,2,2,"60122971",1962.89410698426
6012316,1,1,1,1,"60123161",1828.92306953893
6012316,2,1,2,2,"60123161",1828.92306953893
6012330,1,1,1,1,"60123301",200.886057308627
6012330,2,1,2,2,"60123301",200.886057308627
6012333,1,1,1,1,"60123331",176.983519964844
6012333,2,1,2,2,"60123331",176.983519964844
6012350,1,1,1,1,"60123501",1699.88003943461
6012350,2,1,2,2,"60123501",1699.88003943461
6012352,2,1,2,2,"60123521",1500.04037080993
6012352,1,1,1,1,"60123521",1500.04037080993
6012359,1,1,1,1,"60123591",1540.33632555711
6012359,2,1,2,2,"60123591",1540.33632555711
6012361,1,1,1,1,"60123611",1764.29146951649
6012361,2,1,2,2,"60123611",1764.29146951649
6012363,1,1,1,1,"60123631",1500.04037080993
6012363,2,1,2,2,"60123631",1500.04037080993
6012370,1,1,1,1,"60123701",193.085989042852
6012370,2,1,2,2,"60123701",193.085989042852
6012398,1,1,1,1,"60123981",179.627722731582
6012398,2,1,2,2,"60123981",179.627722731582
6012401,1,1,1,1,"60124011",189.437121183195
6012401,2,1,2,2,"60124011",189.437121183195
6012403,1,1,1,1,"60124031",1449.09341187002
6012403,2,1,2,2,"60124031",1449.09341187002
6012406,1,1,1,1,"60124061",1540.33632555711
6012406,2,1,2,2,"60124061",1540.33632555711
6012434,1,1,1,1,"60124341",197.23718944897
6012434,2,1,2,2,"60124341",197.23718944897
6012442,1,1,1,1,"60124421",1740.70425543122
6012442,2,1,2,2,"60124421",1740.70425543122
6012449,1,1,1,1,"60124491",1540.89071591835
6012449,2,1,2,2,"60124491",1540.89071591835
6012450,1,1,1,1,"60124501",1592.33959878244
6012450,2,1,2,2,"60124501",1592.33959878244
6012450,3,1,3,3,"60124501",1592.33959878244
6012450,4,1,4,4,"60124501",1592.33959878244
6012450,5,1,5,5,"60124501",1592.33959878244
6012453,1,1,1,1,"60124531",1540.89071591835
6012453,2,1,2,2,"60124531",1540.89071591835
6012454,1,1,1,1,"60124541",1696.61637843767
6012454,2,1,2,2,"60124541",1696.61637843767
6012455,1,1,1,1,"60124551",1883.42889168826
6012455,2,1,2,2,"60124551",1883.42889168826
6012466,1,1,1,1,"60124661",1252.25382119852
6012466,2,1,2,2,"60124661",1252.25382119852
6012469,1,1,1,1,"60124691",1500.58025804705
6012469,2,1,2,2,"60124691",1500.58025804705
6012469,3,1,3,3,"60124691",1500.58025804705
6012469,4,1,4,4,"60124691",1500.58025804705
6012473,1,1,1,1,"60124731",1556.34414036662
6012473,2,1,2,2,"60124731",1556.34414036662
6012474,1,1,1,1,"60124741",1816.34658254117
6012474,2,1,2,2,"60124741",1816.34658254117
6012475,1,1,1,1,"60124751",1556.34414036662
6012475,2,1,2,2,"60124751",1556.34414036662
6012476,1,1,1,1,"60124761",1436.61393626312
6012476,2,1,2,2,"60124761",1436.61393626312
6012491,1,1,1,1,"60124911",1573.770186971
6012491,2,1,2,2,"60124911",1573.770186971
6012495,1,1,1,1,"60124951",1696.61637843767
6012495,2,1,2,2,"60124951",1696.61637843767
6012496,1,1,1,1,"60124961",1332.33715660789
6012496,2,1,2,2,"60124961",1332.33715660789
6012504,1,1,1,1,"60125041",1295.08054835123
6012504,2,1,2,2,"60125041",1295.08054835123
6012506,1,1,1,1,"60125061",1584.4280789365
6012506,2,1,2,2,"60125061",1584.4280789365
6012509,1,1,1,1,"60125091",1556.34414036662
6012509,2,1,2,2,"60125091",1556.34414036662
6012514,1,1,1,2,"60125141",1861.02956996235
6012514,2,1,2,3,"60125141",1861.02956996235
6012515,1,1,1,1,"60125151",1331.37127338427
6012515,2,1,2,2,"60125151",1331.37127338427
6012516,1,1,1,1,"60125161",1340.10385612771
6012516,2,1,2,2,"60125161",1340.10385612771
6012517,1,1,1,1,"60125171",1159.31246250347
6012517,2,1,2,2,"60125171",1159.31246250347
6012518,1,1,1,1,"60125181",1372.63341399973
6012518,2,1,2,2,"60125181",1372.63341399973
6012526,1,1,1,1,"60125261",1862.98280510482
6012526,2,1,2,2,"60125261",1862.98280510482
6012543,1,1,1,1,"60125431",2174.21222184702
6012543,2,1,2,2,"60125431",2174.21222184702
6012551,1,1,1,1,"60125511",3344.91937077597
6012551,2,1,2,2,"60125511",3344.91937077597
6012555,1,1,1,1,"60125551",3344.91937077597
6012555,2,1,2,2,"60125551",3344.91937077597
6012563,1,1,1,1,"60125631",3407.96640111834
6012563,2,1,2,2,"60125631",3407.96640111834
6012573,1,1,1,1,"60125731",1593.33402047673
6012573,2,1,2,2,"60125731",1593.33402047673
6012574,1,1,1,1,"60125741",1536.24478904704
6012574,2,1,2,2,"60125741",1536.24478904704
6012575,1,1,1,1,"60125751",1511.54727154068
6012575,2,1,2,2,"60125751",1511.54727154068
6012609,1,1,1,1,"60126091",96.9593984688219
6012609,2,1,2,2,"60126091",96.9593984688219
6012612,1,1,1,1,"60126121",3344.91937077597
6012612,2,1,2,2,"60126121",3344.91937077597
6012639,1,1,1,1,"60126391",3344.91937077597
6012639,2,1,2,2,"60126391",3344.91937077597
6012694,1,1,1,1,"60126941",5899.03481315168
6012694,2,1,2,2,"60126941",5899.03481315168
6012695,1,1,1,1,"60126951",4380.4057969706
6012695,2,1,2,2,"60126951",4380.4057969706
6012699,1,1,1,1,"60126991",5081.75480105962
6012699,2,1,2,2,"60126991",5081.75480105962
6012709,1,1,1,1,"60127091",2208.9929333832
6012709,2,1,2,2,"60127091",2208.9929333832
6012725,1,1,1,1,"60127251",2796.70972530835
6012725,2,1,2,2,"60127251",2796.70972530835
6012741,1,1,1,1,"60127411",302.595504408967
6012741,2,1,2,2,"60127411",302.595504408967
6012743,1,1,1,1,"60127431",146.674285809341
6012743,2,1,2,2,"60127431",146.674285809341
6012743,3,1,3,3,"60127431",146.674285809341
6012743,4,1,4,4,"60127431",146.674285809341
6012743,5,1,5,5,"60127431",146.674285809341
6012743,6,1,6,6,"60127431",146.674285809341
6012756,1,1,1,1,"60127561",172.52043582444
6012756,2,1,2,2,"60127561",172.52043582444
6012772,1,1,1,1,"60127721",256.53958693335
6012772,2,1,2,2,"60127721",256.53958693335
6012804,1,1,1,1,"60128041",660.058227572717
6012804,2,1,2,2,"60128041",660.058227572717
6012805,1,1,1,1,"60128051",359.542518911314
6012805,2,1,2,2,"60128051",359.542518911314
6012806,1,1,1,1,"60128061",283.986170012092
6012806,2,1,2,2,"60128061",283.986170012092
6012811,1,1,1,2,"60128111",229.169923640047
6012811,2,1,2,3,"60128111",229.169923640047
6012813,1,1,1,1,"60128131",290.142057272534
6012813,2,1,2,2,"60128131",290.142057272534
6012824,1,1,1,1,"60128241",609.318951348152
6012824,2,1,2,2,"60128241",609.318951348152
6012826,1,1,1,1,"60128261",632.326942530458
6012826,2,1,2,2,"60128261",632.326942530458
6012828,1,1,1,1,"60128281",365.081608819949
6012828,2,1,2,2,"60128281",365.081608819949
6012886,1,1,1,1,"60128861",308.114181704327
6012886,2,1,2,2,"60128861",308.114181704327
6012897,1,1,1,1,"60128971",325.744143446972
6012897,2,1,2,2,"60128971",325.744143446972
6012941,1,1,1,1,"60129411",294.623561799044
6012941,2,1,2,2,"60129411",294.623561799044
6012985,1,1,1,1,"60129851",271.097937403384
6012985,2,1,2,2,"60129851",271.097937403384
6013009,1,1,1,1,"60130091",293.571026167792
6013009,2,1,2,2,"60130091",293.571026167792
6013051,1,1,1,1,"60130511",1795.83562718891
6013051,2,1,2,2,"60130511",1795.83562718891
6013067,1,1,1,1,"60130671",383.329815326194
6013067,2,1,2,2,"60130671",383.329815326194
6013070,1,1,1,1,"60130701",299.646747013191
6013070,2,1,2,2,"60130701",299.646747013191
6013093,1,1,1,3,"60130931",309.018014123581
6013093,2,1,2,4,"60130931",309.018014123581
6013150,1,1,1,1,"60131501",192.215716532299
6013150,2,1,2,2,"60131501",192.215716532299
6013178,1,1,1,1,"60131781",192.215716532299
6013178,2,1,2,2,"60131781",192.215716532299
6013190,1,1,1,1,"60131901",117.064693160014
6013190,2,1,2,2,"60131901",117.064693160014
6013209,1,1,1,1,"60132091",276.622506013904
6013209,2,1,2,2,"60132091",276.622506013904
6013239,1,1,1,1,"60132391",1042.03288422603
6013239,2,1,2,2,"60132391",1042.03288422603
6013241,1,1,1,1,"60132411",245.834387510475
6013241,2,1,2,2,"60132411",245.834387510475
6013246,1,1,1,1,"60132461",245.834387510475
6013246,2,1,2,2,"60132461",245.834387510475
6013251,1,1,1,1,"60132511",245.834387510475
6013251,2,1,2,2,"60132511",245.834387510475
6013258,1,1,1,2,"60132581",1099.15014284422
6013258,2,1,2,1,"60132581",1099.15014284422
6013258,3,1,3,3,"60132581",1099.15014284422
6013258,4,1,4,4,"60132581",1099.15014284422
6013280,1,1,1,1,"60132801",1119.13048513618
6013280,2,1,2,2,"60132801",1119.13048513618
6013286,1,1,1,1,"60132861",854.990066968388
6013286,2,1,2,2,"60132861",854.990066968388
6013295,1,1,1,1,"60132951",541.608618261606
6013295,2,1,2,2,"60132951",541.608618261606
6013295,3,1,3,3,"60132951",541.608618261606
6013358,1,1,1,1,"60133581",258.771477750232
6013358,2,1,2,2,"60133581",258.771477750232
6013385,1,1,1,1,"60133851",965.974860394999
6013385,2,1,2,2,"60133851",965.974860394999
6013419,1,1,1,1,"60134191",2959.86024305344
6013419,2,1,2,3,"60134191",2959.86024305344
6013421,1,1,1,1,"60134211",3566.14849726302
6013421,2,1,2,2,"60134211",3566.14849726302
6013422,1,1,1,1,"60134221",4106.00776676527
6013422,2,1,2,2,"60134221",4106.00776676527
6013445,1,1,1,1,"60134451",4798.82966462562
6013445,2,1,2,4,"60134451",4798.82966462562
6013466,1,1,1,1,"60134661",4396.14453030213
6013466,2,1,2,2,"60134661",4396.14453030213
6013488,1,1,1,1,"60134881",427.635307910021
6013488,2,1,2,2,"60134881",427.635307910021
6013536,1,1,1,1,"60135361",3273.19277830181
6013536,2,1,2,2,"60135361",3273.19277830181
6013543,1,1,1,1,"60135431",733.508241402761
6013543,2,1,2,2,"60135431",733.508241402761
6013590,1,1,1,2,"60135901",577.039980577734
6013590,2,1,2,3,"60135901",577.039980577734
6013664,1,1,1,1,"60136641",2517.07265867972
6013664,2,1,2,2,"60136641",2517.07265867972
6013698,1,1,1,1,"60136981",1694.82886422919
6013698,2,1,2,2,"60136981",1694.82886422919
6013710,1,1,1,1,"60137101",592.00777243548
6013710,2,1,2,2,"60137101",592.00777243548
6013745,1,1,1,1,"60137451",20.6113738638862
6013745,2,1,2,2,"60137451",20.6113738638862
6013754,1,1,1,1,"60137541",23.6451992616297
6013754,2,1,2,2,"60137541",23.6451992616297
6013775,1,1,1,1,"60137751",29.4004987868666
6013775,2,1,2,2,"60137751",29.4004987868666
6013775,3,1,3,3,"60137751",29.4004987868666
6013775,4,1,4,4,"60137751",29.4004987868666
6013857,1,1,1,1,"60138571",1847.33613267155
6013857,2,1,2,2,"60138571",1847.33613267155
6013919,1,1,1,1,"60139191",4337.6456353519
6013919,2,1,2,2,"60139191",4337.6456353519
6014004,1,1,1,1,"60140041",186.002743480181
6014004,2,1,2,2,"60140041",186.002743480181
6014004,3,1,3,3,"60140041",186.002743480181
6014019,1,1,1,1,"60140191",493.820867513966
6014019,2,1,2,2,"60140191",493.820867513966
6014024,1,1,1,1,"60140241",600.105904745029
6014024,2,1,2,2,"60140241",600.105904745029
6014035,1,1,1,1,"60140351",1694.41714570685
6014035,2,1,2,2,"60140351",1694.41714570685
6014036,1,1,1,1,"60140361",1244.25167217916
6014036,2,1,2,2,"60140361",1244.25167217916
6014040,1,1,1,1,"60140401",2061.25120992593
6014040,2,1,2,2,"60140401",2061.25120992593
6014048,1,1,1,1,"60140481",148.955168978476
6014048,2,1,2,2,"60140481",148.955168978476
6014049,1,1,1,1,"60140491",148.955168978476
6014049,2,1,2,2,"60140491",148.955168978476
6014055,1,1,1,1,"60140551",519.691662021986
6014055,2,1,2,2,"60140551",519.691662021986
6014071,1,1,1,1,"60140711",4277.51828640604
6014071,2,1,2,2,"60140711",4277.51828640604
6014092,1,1,1,1,"60140921",5220.46772806698
6014092,2,1,2,2,"60140921",5220.46772806698
6014135,1,1,1,1,"60141351",501.99521364588
6014135,2,1,2,2,"60141351",501.99521364588
6014223,1,1,1,1,"60142231",423.531813839784
6014223,2,1,2,2,"60142231",423.531813839784
6014297,1,1,1,1,"60142971",2496.12410258184
6014297,2,1,2,2,"60142971",2496.12410258184
6014308,1,1,1,1,"60143081",2001.76924029046
6014308,2,1,2,2,"60143081",2001.76924029046
6014327,1,1,1,1,"60143271",56.49000841948
6014327,2,1,2,2,"60143271",56.49000841948
6014328,1,1,1,1,"60143281",16.0962591750844
6014328,2,1,2,2,"60143281",16.0962591750844
6014331,1,1,1,1,"60143311",23.6451992616297
6014331,2,1,2,2,"60143311",23.6451992616297
6014332,1,1,1,1,"60143321",25.5415066223354
6014332,2,1,2,2,"60143321",25.5415066223354
6014335,1,1,1,1,"60143351",25.0059363253764
6014335,2,1,2,2,"60143351",25.0059363253764
6014343,2,1,2,2,"60143431",26.5712321140784
6014343,1,1,1,1,"60143431",26.5712321140784
6014359,1,1,1,1,"60143591",28.609623696104
6014359,2,1,2,2,"60143591",28.609623696104
6014387,1,1,1,1,"60143871",2714.9364345267
6014387,2,1,2,2,"60143871",2714.9364345267
6014394,1,1,1,1,"60143941",1275.2598372511
6014394,2,1,2,2,"60143941",1275.2598372511
6014398,1,1,1,1,"60143981",1922.79708711624
6014398,2,1,2,2,"60143981",1922.79708711624
6014420,1,1,1,1,"60144201",374.613658145004
6014420,2,1,2,2,"60144201",374.613658145004
6014420,3,1,3,3,"60144201",374.613658145004
6014420,4,1,4,4,"60144201",374.613658145004
6014429,1,1,1,1,"60144291",5225.93462044044
6014429,2,1,2,2,"60144291",5225.93462044044
6014434,2,1,2,2,"60144341",372.917357110004
6014434,1,1,1,1,"60144341",372.917357110004
6014436,1,1,1,1,"60144361",582.624205858708
6014436,2,1,2,2,"60144361",582.624205858708
6014437,1,1,1,1,"60144371",499.184849851468
6014437,2,1,2,2,"60144371",499.184849851468
6014444,2,1,2,2,"60144441",296.300215610242
6014444,1,1,1,1,"60144441",296.300215610242
6014445,1,1,1,1,"60144451",166.308019803106
6014445,2,1,2,2,"60144451",166.308019803106
6014448,1,1,1,1,"60144481",499.321544536407
6014448,2,1,2,2,"60144481",499.321544536407
6014456,1,1,1,1,"60144561",855.546552142771
6014456,2,1,2,2,"60144561",855.546552142771
6014456,3,1,3,3,"60144561",855.546552142771
6014456,4,1,4,4,"60144561",855.546552142771
6014456,5,1,5,5,"60144561",855.546552142771
6014459,1,1,1,1,"60144591",734.581386891573
6014459,2,1,2,2,"60144591",734.581386891573
6014459,3,1,3,3,"60144591",734.581386891573
6014459,4,1,4,4,"60144591",734.581386891573
6014481,2,1,2,2,"60144811",261.557867540923
6014481,1,1,1,1,"60144811",261.557867540923
6014483,1,1,1,1,"60144831",145.245467167805
6014483,2,1,2,2,"60144831",145.245467167805
6014483,3,1,3,3,"60144831",145.245467167805
6014483,4,1,4,4,"60144831",145.245467167805
6014484,1,1,1,1,"60144841",177.576503147871
6014484,2,1,2,2,"60144841",177.576503147871
6014484,3,1,3,3,"60144841",177.576503147871
6014484,4,1,4,4,"60144841",177.576503147871
6014489,2,1,2,2,"60144891",571.8353952618
6014489,1,1,1,1,"60144891",571.8353952618
6014524,1,1,1,1,"60145241",1253.79243089798
6014524,2,1,2,2,"60145241",1253.79243089798
6014577,1,1,1,1,"60145771",230.396065532905
6014577,2,1,2,2,"60145771",230.396065532905
6014750,1,1,1,1,"60147501",6847.43897319834
6014750,2,1,2,2,"60147501",6847.43897319834
6014750,3,1,3,3,"60147501",6847.43897319834
6014939,1,1,1,1,"60149391",1424.36999340373
6014939,2,1,2,2,"60149391",1424.36999340373
6014942,1,1,1,1,"60149421",148.955168978476
6014942,2,1,2,2,"60149421",148.955168978476
6014945,1,1,1,1,"60149451",250.65366514325
6014945,2,1,2,2,"60149451",250.65366514325
6014961,1,1,1,1,"60149611",1217.53823354167
6014961,2,1,2,2,"60149611",1217.53823354167
6014986,1,1,1,1,"60149861",3612.74164764344
6014986,2,1,2,2,"60149861",3612.74164764344
6014994,1,1,1,3,"60149941",3610.64238921563
6014994,2,1,2,1,"60149941",3610.64238921563
6015010,1,1,1,1,"60150101",3566.14849726302
6015010,2,1,2,2,"60150101",3566.14849726302
6015012,1,1,1,1,"60150121",3890.00335517189
6015012,2,1,2,2,"60150121",3890.00335517189
6015116,2,1,2,2,"60151161",2358.41617684786
6015116,1,1,1,1,"60151161",2358.41617684786
6015137,1,1,1,1,"60151371",2033.84437110202
6015137,2,1,2,2,"60151371",2033.84437110202
6015199,1,1,1,1,"60151991",1962.89410698426
6015199,2,1,2,2,"60151991",1962.89410698426
6015200,1,1,1,1,"60152001",1193.97715799281
6015200,2,1,2,2,"60152001",1193.97715799281
6015220,1,1,1,1,"60152201",2080.31129536863
6015220,2,1,2,2,"60152201",2080.31129536863
6015232,1,1,1,1,"60152321",1828.92306953893
6015232,2,1,2,2,"60152321",1828.92306953893
6015241,1,1,1,1,"60152411",1461.17208109487
6015241,2,1,2,2,"60152411",1461.17208109487
6015269,1,1,1,1,"60152691",3046.6701158974
6015269,2,1,2,2,"60152691",3046.6701158974
6015288,1,1,1,1,"60152881",1827.92412418188
6015288,2,1,2,2,"60152881",1827.92412418188
6015292,1,1,1,1,"60152921",2531.99402353832
6015292,2,1,2,2,"60152921",2531.99402353832
6015306,1,1,1,1,"60153061",2531.99402353832
6015306,2,1,2,2,"60153061",2531.99402353832
6015354,1,1,1,1,"60153541",1699.85803402331
6015354,2,1,2,2,"60153541",1699.85803402331
6015397,1,1,1,1,"60153971",1335.36483605691
6015397,2,1,2,2,"60153971",1335.36483605691
6015402,1,1,1,1,"60154021",1566.63414836659
6015402,2,1,2,2,"60154021",1566.63414836659
6015407,1,1,1,1,"60154071",1644.74925953468
6015407,2,1,2,2,"60154071",1644.74925953468
6015407,3,1,3,3,"60154071",1644.74925953468
6015411,1,1,1,1,"60154111",2476.57125398629
6015411,2,1,2,2,"60154111",2476.57125398629
6015412,1,1,1,1,"60154121",1334.36589069987
6015412,2,1,2,2,"60154121",1334.36589069987
6015420,1,1,1,1,"60154201",1828.92306953893
6015420,2,1,2,2,"60154201",1828.92306953893
6015422,1,1,1,1,"60154221",1591.23606196753
6015422,2,1,2,2,"60154221",1591.23606196753
6015431,1,1,1,1,"60154311",2104.54284165134
6015431,2,1,2,2,"60154311",2104.54284165134
6015438,1,1,1,1,"60154381",1669.35117313562
6015438,2,1,2,2,"60154381",1669.35117313562
6015443,1,1,1,1,"60154431",3009.06119736636
6015443,2,1,2,2,"60154431",3009.06119736636
6015446,1,1,1,1,"60154461",1238.06656119257
6015446,2,1,2,2,"60154461",1238.06656119257
6015448,1,1,1,1,"60154481",1669.35117313562
6015448,2,1,2,2,"60154481",1669.35117313562
6015449,1,1,1,1,"60154491",1398.63740295292
6015449,2,1,2,2,"60154491",1398.63740295292
6015457,2,1,2,2,"60154571",3009.06119736636
6015457,1,1,1,1,"60154571",3009.06119736636
6015460,2,1,2,2,"60154601",1828.92306953893
6015460,1,1,1,1,"60154601",1828.92306953893
6015464,1,1,1,1,"60154641",3276.94048285003
6015464,2,1,2,2,"60154641",3276.94048285003
6015468,2,1,2,2,"60154681",2074.8297427459
6015468,1,1,1,1,"60154681",2074.8297427459
6015479,1,1,1,3,"60154791",1160.97806780556
6015479,2,1,2,4,"60154791",1160.97806780556
6015480,1,1,1,1,"60154801",1740.89955366168
6015480,2,1,2,3,"60154801",1740.89955366168
6015483,3,1,3,3,"60154831",1864.85947987683
6015483,4,1,4,4,"60154831",1864.85947987683
6015483,1,1,1,1,"60154831",1864.85947987683
6015483,2,1,2,2,"60154831",1864.85947987683
6015484,1,1,1,1,"60154841",1562.09418164498
6015484,2,1,2,2,"60154841",1562.09418164498
6015498,1,1,1,1,"60154981",1188.57121923316
6015498,2,1,2,2,"60154981",1188.57121923316
6015515,1,1,1,2,"60155151",474.831147843399
6015515,2,1,2,3,"60155151",474.831147843399
6015545,1,1,1,1,"60155451",528.456605998162
6015545,2,1,2,2,"60155451",528.456605998162
6015551,3,1,3,3,"60155511",2858.69520963864
6015551,1,1,1,1,"60155511",2858.69520963864
6015551,2,1,2,2,"60155511",2858.69520963864
6015551,4,1,4,4,"60155511",2858.69520963864
6015640,1,1,1,1,"60156401",310.744637573336
6015640,2,1,2,2,"60156401",310.744637573336
6015663,2,1,2,2,"60156631",479.491634913728
6015663,1,1,1,1,"60156631",479.491634913728
6015674,1,1,1,1,"60156741",929.382488907594
6015674,2,1,2,2,"60156741",929.382488907594
6015689,1,1,1,1,"60156891",387.59028890716
6015689,2,1,2,2,"60156891",387.59028890716
6015742,1,1,1,1,"60157421",2888.53032157635
6015742,2,1,2,2,"60157421",2888.53032157635
6015764,1,1,1,1,"60157641",1731.62479467458
6015764,2,1,2,2,"60157641",1731.62479467458
6015765,1,1,1,1,"60157651",1828.92306953893
6015765,2,1,2,2,"60157651",1828.92306953893
6015769,1,1,1,1,"60157691",1397.63845759588
6015769,2,1,2,2,"60157691",1397.63845759588
6015777,1,1,1,1,"60157771",1827.92412418188
6015777,2,1,2,2,"60157771",1827.92412418188
6015778,1,3,1,1,"60157783",2497.57980214812
6015778,2,3,2,2,"60157783",2497.57980214812
6015783,1,1,1,1,"60157831",1335.36483605691
6015783,2,1,2,2,"60157831",1335.36483605691
6015788,1,1,1,1,"60157881",1732.62374003162
6015788,2,1,2,2,"60157881",1732.62374003162
6015790,1,1,1,1,"60157901",1962.89410698426
6015790,2,1,2,2,"60157901",1962.89410698426
6015798,1,1,1,1,"60157981",1828.92306953893
6015798,2,1,2,2,"60157981",1828.92306953893